id,name,country
1,cust_1,IN
2,cust_2,CA
3,cust_3,DE
4,cust_4,IN
5,cust_5,US
6,cust_6,US
7,cust_7,US
8,cust_8,GB
9,cust_9,DE
10,cust_10,DE
11,cust_11,US
12,cust_12,CA
13,cust_13,GB
14,cust_14,US
15,cust_15,US
16,cust_16,US
17,cust_17,IN
18,cust_18,IN
19,cust_19,IN
20,cust_20,IN
21,cust_21,DE
22,cust_22,US
23,cust_23,IN
24,cust_24,IN
25,cust_25,IN
26,cust_26,GB
27,cust_27,US
28,cust_28,IN
29,cust_29,IN
30,cust_30,US
31,cust_31,DE
32,cust_32,US
33,cust_33,US
34,cust_34,CA
35,cust_35,CA
36,cust_36,GB
37,cust_37,IN
38,cust_38,US
39,cust_39,DE
40,cust_40,IN
41,cust_41,US
42,cust_42,IN
43,cust_43,US
44,cust_44,CA
45,cust_45,IN
46,cust_46,DE
47,cust_47,IN
48,cust_48,IN
49,cust_49,IN
50,cust_50,US
51,cust_51,CA
52,cust_52,GB
53,cust_53,CA
54,cust_54,GB
55,cust_55,IN
56,cust_56,CA
57,cust_57,US
58,cust_58,US
59,cust_59,US
60,cust_60,IN
61,cust_61,IN
62,cust_62,IN
63,cust_63,GB
64,cust_64,IN
65,cust_65,IN
66,cust_66,IN
67,cust_67,US
68,cust_68,GB
69,cust_69,US
70,cust_70,CA
71,cust_71,GB
72,cust_72,US
73,cust_73,US
74,cust_74,GB
75,cust_75,DE
76,cust_76,DE
77,cust_77,GB
78,cust_78,US
79,cust_79,IN
80,cust_80,US
81,cust_81,GB
82,cust_82,DE
83,cust_83,IN
84,cust_84,US
85,cust_85,IN
86,cust_86,IN
87,cust_87,DE
88,cust_88,DE
89,cust_89,GB
90,cust_90,IN
91,cust_91,US
92,cust_92,DE
93,cust_93,GB
94,cust_94,IN
95,cust_95,GB
96,cust_96,IN
97,cust_97,IN
98,cust_98,IN
99,cust_99,US
100,cust_100,US
101,cust_101,US
102,cust_102,DE
103,cust_103,IN
104,cust_104,IN
105,cust_105,CA
106,cust_106,US
107,cust_107,IN
108,cust_108,GB
109,cust_109,US
110,cust_110,US
111,cust_111,IN
112,cust_112,US
113,cust_113,CA
114,cust_114,GB
115,cust_115,DE
116,cust_116,GB
117,cust_117,GB
118,cust_118,US
119,cust_119,GB
120,cust_120,IN
121,cust_121,GB
122,cust_122,GB
123,cust_123,IN
124,cust_124,US
125,cust_125,US
126,cust_126,IN
127,cust_127,GB
128,cust_128,GB
129,cust_129,US
130,cust_130,IN
131,cust_131,IN
132,cust_132,US
133,cust_133,US
134,cust_134,IN
135,cust_135,CA
136,cust_136,IN
137,cust_137,IN
138,cust_138,DE
139,cust_139,IN
140,cust_140,CA
141,cust_141,CA
142,cust_142,IN
143,cust_143,IN
144,cust_144,IN
145,cust_145,IN
146,cust_146,US
147,cust_147,DE
148,cust_148,IN
149,cust_149,US
150,cust_150,IN
151,cust_151,CA
152,cust_152,US
153,cust_153,US
154,cust_154,IN
155,cust_155,CA
156,cust_156,US
157,cust_157,DE
158,cust_158,GB
159,cust_159,US
160,cust_160,DE
161,cust_161,IN
162,cust_162,DE
163,cust_163,DE
164,cust_164,IN
165,cust_165,US
166,cust_166,GB
167,cust_167,IN
168,cust_168,US
169,cust_169,US
170,cust_170,IN
171,cust_171,DE
172,cust_172,US
173,cust_173,IN
174,cust_174,US
175,cust_175,DE
176,cust_176,US
177,cust_177,DE
178,cust_178,IN
179,cust_179,CA
180,cust_180,US
181,cust_181,IN
182,cust_182,US
183,cust_183,CA
184,cust_184,GB
185,cust_185,IN
186,cust_186,DE
187,cust_187,GB
188,cust_188,IN
189,cust_189,IN
190,cust_190,US
191,cust_191,US
192,cust_192,GB
193,cust_193,CA
194,cust_194,DE
195,cust_195,IN
196,cust_196,IN
197,cust_197,DE
198,cust_198,GB
199,cust_199,GB
200,cust_200,GB
201,cust_201,DE
202,cust_202,US
203,cust_203,US
204,cust_204,GB
205,cust_205,DE
206,cust_206,US
207,cust_207,US
208,cust_208,DE
209,cust_209,US
210,cust_210,US
211,cust_211,IN
212,cust_212,DE
213,cust_213,DE
214,cust_214,US
215,cust_215,DE
216,cust_216,US
217,cust_217,IN
218,cust_218,DE
219,cust_219,DE
220,cust_220,GB
221,cust_221,DE
222,cust_222,IN
223,cust_223,US
224,cust_224,IN
225,cust_225,IN
226,cust_226,US
227,cust_227,CA
228,cust_228,IN
229,cust_229,GB
230,cust_230,DE
231,cust_231,GB
232,cust_232,IN
233,cust_233,IN
234,cust_234,IN
235,cust_235,US
236,cust_236,DE
237,cust_237,IN
238,cust_238,US
239,cust_239,DE
240,cust_240,US
241,cust_241,CA
242,cust_242,CA
243,cust_243,CA
244,cust_244,IN
245,cust_245,US
246,cust_246,CA
247,cust_247,IN
248,cust_248,CA
249,cust_249,CA
250,cust_250,GB
251,cust_251,IN
252,cust_252,IN
253,cust_253,GB
254,cust_254,IN
255,cust_255,US
256,cust_256,IN
257,cust_257,CA
258,cust_258,DE
259,cust_259,IN
260,cust_260,US
261,cust_261,DE
262,cust_262,CA
263,cust_263,US
264,cust_264,IN
265,cust_265,GB
266,cust_266,DE
267,cust_267,DE
268,cust_268,DE
269,cust_269,IN
270,cust_270,IN
271,cust_271,GB
272,cust_272,GB
273,cust_273,GB
274,cust_274,CA
275,cust_275,IN
276,cust_276,IN
277,cust_277,GB
278,cust_278,DE
279,cust_279,DE
280,cust_280,GB
281,cust_281,GB
282,cust_282,IN
283,cust_283,IN
284,cust_284,US
285,cust_285,IN
286,cust_286,US
287,cust_287,IN
288,cust_288,IN
289,cust_289,IN
290,cust_290,IN
291,cust_291,US
292,cust_292,US
293,cust_293,GB
294,cust_294,IN
295,cust_295,US
296,cust_296,IN
297,cust_297,GB
298,cust_298,US
299,cust_299,DE
300,cust_300,US
301,cust_301,US
302,cust_302,IN
303,cust_303,IN
304,cust_304,DE
305,cust_305,DE
306,cust_306,CA
307,cust_307,IN
308,cust_308,IN
309,cust_309,GB
310,cust_310,IN
311,cust_311,IN
312,cust_312,US
313,cust_313,US
314,cust_314,CA
315,cust_315,GB
316,cust_316,DE
317,cust_317,IN
318,cust_318,US
319,cust_319,US
320,cust_320,IN
321,cust_321,IN
322,cust_322,DE
323,cust_323,DE
324,cust_324,IN
325,cust_325,CA
326,cust_326,DE
327,cust_327,IN
328,cust_328,DE
329,cust_329,IN
330,cust_330,US
331,cust_331,IN
332,cust_332,GB
333,cust_333,US
334,cust_334,US
335,cust_335,US
336,cust_336,US
337,cust_337,GB
338,cust_338,DE
339,cust_339,IN
340,cust_340,US
341,cust_341,IN
342,cust_342,IN
343,cust_343,US
344,cust_344,IN
345,cust_345,IN
346,cust_346,DE
347,cust_347,DE
348,cust_348,US
349,cust_349,IN
350,cust_350,DE
351,cust_351,IN
352,cust_352,GB
353,cust_353,DE
354,cust_354,US
355,cust_355,US
356,cust_356,DE
357,cust_357,US
358,cust_358,IN
359,cust_359,CA
360,cust_360,IN
361,cust_361,IN
362,cust_362,DE
363,cust_363,IN
364,cust_364,IN
365,cust_365,CA
366,cust_366,IN
367,cust_367,CA
368,cust_368,CA
369,cust_369,US
370,cust_370,US
371,cust_371,US
372,cust_372,US
373,cust_373,US
374,cust_374,DE
375,cust_375,US
376,cust_376,IN
377,cust_377,GB
378,cust_378,US
379,cust_379,GB
380,cust_380,IN
381,cust_381,US
382,cust_382,DE
383,cust_383,DE
384,cust_384,GB
385,cust_385,DE
386,cust_386,GB
387,cust_387,IN
388,cust_388,US
389,cust_389,GB
390,cust_390,GB
391,cust_391,CA
392,cust_392,IN
393,cust_393,IN
394,cust_394,GB
395,cust_395,IN
396,cust_396,CA
397,cust_397,GB
398,cust_398,IN
399,cust_399,GB
400,cust_400,GB
401,cust_401,US
402,cust_402,CA
403,cust_403,IN
404,cust_404,GB
405,cust_405,IN
406,cust_406,GB
407,cust_407,IN
408,cust_408,US
409,cust_409,CA
410,cust_410,US
411,cust_411,IN
412,cust_412,CA
413,cust_413,CA
414,cust_414,IN
415,cust_415,DE
416,cust_416,IN
417,cust_417,IN
418,cust_418,IN
419,cust_419,DE
420,cust_420,GB
421,cust_421,GB
422,cust_422,GB
423,cust_423,US
424,cust_424,IN
425,cust_425,US
426,cust_426,IN
427,cust_427,IN
428,cust_428,GB
429,cust_429,IN
430,cust_430,US
431,cust_431,US
432,cust_432,GB
433,cust_433,DE
434,cust_434,US
435,cust_435,US
436,cust_436,DE
437,cust_437,US
438,cust_438,GB
439,cust_439,DE
440,cust_440,US
441,cust_441,US
442,cust_442,CA
443,cust_443,IN
444,cust_444,IN
445,cust_445,GB
446,cust_446,CA
447,cust_447,CA
448,cust_448,GB
449,cust_449,IN
450,cust_450,US
451,cust_451,GB
452,cust_452,IN
453,cust_453,IN
454,cust_454,CA
455,cust_455,US
456,cust_456,IN
457,cust_457,US
458,cust_458,IN
459,cust_459,US
460,cust_460,US
461,cust_461,US
462,cust_462,DE
463,cust_463,DE
464,cust_464,IN
465,cust_465,CA
466,cust_466,IN
467,cust_467,IN
468,cust_468,GB
469,cust_469,US
470,cust_470,CA
471,cust_471,US
472,cust_472,CA
473,cust_473,US
474,cust_474,GB
475,cust_475,IN
476,cust_476,CA
477,cust_477,US
478,cust_478,IN
479,cust_479,CA
480,cust_480,IN
481,cust_481,DE
482,cust_482,DE
483,cust_483,IN
484,cust_484,DE
485,cust_485,IN
486,cust_486,CA
487,cust_487,US
488,cust_488,IN
489,cust_489,CA
490,cust_490,GB
491,cust_491,IN
492,cust_492,DE
493,cust_493,IN
494,cust_494,US
495,cust_495,IN
496,cust_496,IN
497,cust_497,IN
498,cust_498,US
499,cust_499,CA
500,cust_500,CA
501,cust_501,DE
502,cust_502,IN
503,cust_503,IN
504,cust_504,GB
505,cust_505,DE
506,cust_506,US
507,cust_507,CA
508,cust_508,GB
509,cust_509,CA
510,cust_510,DE
511,cust_511,DE
512,cust_512,IN
513,cust_513,CA
514,cust_514,GB
515,cust_515,US
516,cust_516,US
517,cust_517,IN
518,cust_518,GB
519,cust_519,CA
520,cust_520,US
521,cust_521,IN
522,cust_522,IN
523,cust_523,CA
524,cust_524,GB
525,cust_525,GB
526,cust_526,IN
527,cust_527,IN
528,cust_528,IN
529,cust_529,US
530,cust_530,GB
531,cust_531,GB
532,cust_532,CA
533,cust_533,CA
534,cust_534,IN
535,cust_535,GB
536,cust_536,CA
537,cust_537,GB
538,cust_538,US
539,cust_539,IN
540,cust_540,US
541,cust_541,CA
542,cust_542,DE
543,cust_543,US
544,cust_544,DE
545,cust_545,DE
546,cust_546,IN
547,cust_547,US
548,cust_548,DE
549,cust_549,IN
550,cust_550,GB
551,cust_551,IN
552,cust_552,GB
553,cust_553,IN
554,cust_554,IN
555,cust_555,GB
556,cust_556,IN
557,cust_557,US
558,cust_558,US
559,cust_559,GB
560,cust_560,DE
561,cust_561,DE
562,cust_562,US
563,cust_563,US
564,cust_564,US
565,cust_565,IN
566,cust_566,IN
567,cust_567,IN
568,cust_568,IN
569,cust_569,CA
570,cust_570,IN
571,cust_571,IN
572,cust_572,GB
573,cust_573,IN
574,cust_574,DE
575,cust_575,GB
576,cust_576,CA
577,cust_577,US
578,cust_578,CA
579,cust_579,IN
580,cust_580,IN
581,cust_581,IN
582,cust_582,CA
583,cust_583,IN
584,cust_584,IN
585,cust_585,DE
586,cust_586,US
587,cust_587,US
588,cust_588,US
589,cust_589,US
590,cust_590,US
591,cust_591,US
592,cust_592,DE
593,cust_593,US
594,cust_594,IN
595,cust_595,GB
596,cust_596,IN
597,cust_597,DE
598,cust_598,US
599,cust_599,US
600,cust_600,US
601,cust_601,US
602,cust_602,IN
603,cust_603,US
604,cust_604,US
605,cust_605,US
606,cust_606,IN
607,cust_607,US
608,cust_608,IN
609,cust_609,IN
610,cust_610,DE
611,cust_611,US
612,cust_612,GB
613,cust_613,DE
614,cust_614,US
615,cust_615,GB
616,cust_616,CA
617,cust_617,US
618,cust_618,IN
619,cust_619,GB
620,cust_620,DE
621,cust_621,US
622,cust_622,US
623,cust_623,IN
624,cust_624,IN
625,cust_625,DE
626,cust_626,IN
627,cust_627,IN
628,cust_628,DE
629,cust_629,US
630,cust_630,IN
631,cust_631,DE
632,cust_632,GB
633,cust_633,IN
634,cust_634,IN
635,cust_635,US
636,cust_636,IN
637,cust_637,IN
638,cust_638,US
639,cust_639,IN
640,cust_640,IN
641,cust_641,US
642,cust_642,IN
643,cust_643,US
644,cust_644,IN
645,cust_645,US
646,cust_646,GB
647,cust_647,IN
648,cust_648,DE
649,cust_649,GB
650,cust_650,IN
651,cust_651,US
652,cust_652,IN
653,cust_653,IN
654,cust_654,DE
655,cust_655,IN
656,cust_656,US
657,cust_657,IN
658,cust_658,IN
659,cust_659,DE
660,cust_660,IN
661,cust_661,IN
662,cust_662,CA
663,cust_663,DE
664,cust_664,US
665,cust_665,US
666,cust_666,US
667,cust_667,US
668,cust_668,US
669,cust_669,US
670,cust_670,IN
671,cust_671,US
672,cust_672,GB
673,cust_673,US
674,cust_674,IN
675,cust_675,IN
676,cust_676,CA
677,cust_677,US
678,cust_678,IN
679,cust_679,CA
680,cust_680,GB
681,cust_681,GB
682,cust_682,IN
683,cust_683,US
684,cust_684,DE
685,cust_685,CA
686,cust_686,IN
687,cust_687,IN
688,cust_688,IN
689,cust_689,GB
690,cust_690,US
691,cust_691,IN
692,cust_692,IN
693,cust_693,IN
694,cust_694,US
695,cust_695,US
696,cust_696,DE
697,cust_697,IN
698,cust_698,IN
699,cust_699,US
700,cust_700,IN
701,cust_701,IN
702,cust_702,US
703,cust_703,IN
704,cust_704,US
705,cust_705,US
706,cust_706,CA
707,cust_707,IN
708,cust_708,GB
709,cust_709,IN
710,cust_710,DE
711,cust_711,GB
712,cust_712,IN
713,cust_713,IN
714,cust_714,IN
715,cust_715,IN
716,cust_716,CA
717,cust_717,GB
718,cust_718,CA
719,cust_719,US
720,cust_720,DE
721,cust_721,CA
722,cust_722,US
723,cust_723,US
724,cust_724,DE
725,cust_725,IN
726,cust_726,GB
727,cust_727,US
728,cust_728,GB
729,cust_729,US
730,cust_730,US
731,cust_731,US
732,cust_732,GB
733,cust_733,DE
734,cust_734,IN
735,cust_735,IN
736,cust_736,GB
737,cust_737,IN
738,cust_738,GB
739,cust_739,IN
740,cust_740,IN
741,cust_741,IN
742,cust_742,IN
743,cust_743,DE
744,cust_744,IN
745,cust_745,US
746,cust_746,GB
747,cust_747,IN
748,cust_748,IN
749,cust_749,CA
750,cust_750,DE
751,cust_751,US
752,cust_752,CA
753,cust_753,DE
754,cust_754,IN
755,cust_755,US
756,cust_756,GB
757,cust_757,DE
758,cust_758,IN
759,cust_759,GB
760,cust_760,GB
761,cust_761,US
762,cust_762,IN
763,cust_763,US
764,cust_764,DE
765,cust_765,US
766,cust_766,IN
767,cust_767,GB
768,cust_768,GB
769,cust_769,IN
770,cust_770,GB
771,cust_771,US
772,cust_772,GB
773,cust_773,US
774,cust_774,IN
775,cust_775,GB
776,cust_776,US
777,cust_777,US
778,cust_778,DE
779,cust_779,DE
780,cust_780,DE
781,cust_781,DE
782,cust_782,IN
783,cust_783,IN
784,cust_784,IN
785,cust_785,US
786,cust_786,CA
787,cust_787,IN
788,cust_788,IN
789,cust_789,IN
790,cust_790,CA
791,cust_791,US
792,cust_792,IN
793,cust_793,IN
794,cust_794,DE
795,cust_795,US
796,cust_796,GB
797,cust_797,CA
798,cust_798,IN
799,cust_799,DE
800,cust_800,CA
801,cust_801,DE
802,cust_802,US
803,cust_803,IN
804,cust_804,DE
805,cust_805,IN
806,cust_806,DE
807,cust_807,CA
808,cust_808,CA
809,cust_809,IN
810,cust_810,US
811,cust_811,CA
812,cust_812,GB
813,cust_813,US
814,cust_814,CA
815,cust_815,GB
816,cust_816,IN
817,cust_817,IN
818,cust_818,IN
819,cust_819,US
820,cust_820,IN
821,cust_821,GB
822,cust_822,US
823,cust_823,IN
824,cust_824,IN
825,cust_825,IN
826,cust_826,CA
827,cust_827,IN
828,cust_828,IN
829,cust_829,DE
830,cust_830,IN
831,cust_831,US
832,cust_832,IN
833,cust_833,US
834,cust_834,US
835,cust_835,IN
836,cust_836,IN
837,cust_837,CA
838,cust_838,IN
839,cust_839,IN
840,cust_840,DE
841,cust_841,US
842,cust_842,DE
843,cust_843,US
844,cust_844,CA
845,cust_845,US
846,cust_846,IN
847,cust_847,US
848,cust_848,CA
849,cust_849,IN
850,cust_850,IN
851,cust_851,US
852,cust_852,DE
853,cust_853,US
854,cust_854,GB
855,cust_855,US
856,cust_856,US
857,cust_857,US
858,cust_858,IN
859,cust_859,IN
860,cust_860,US
861,cust_861,GB
862,cust_862,IN
863,cust_863,IN
864,cust_864,IN
865,cust_865,IN
866,cust_866,IN
867,cust_867,US
868,cust_868,US
869,cust_869,GB
870,cust_870,CA
871,cust_871,IN
872,cust_872,IN
873,cust_873,DE
874,cust_874,IN
875,cust_875,US
876,cust_876,US
877,cust_877,DE
878,cust_878,DE
879,cust_879,US
880,cust_880,US
881,cust_881,US
882,cust_882,DE
883,cust_883,US
884,cust_884,US
885,cust_885,GB
886,cust_886,US
887,cust_887,DE
888,cust_888,US
889,cust_889,US
890,cust_890,US
891,cust_891,DE
892,cust_892,GB
893,cust_893,GB
894,cust_894,IN
895,cust_895,DE
896,cust_896,US
897,cust_897,IN
898,cust_898,GB
899,cust_899,US
900,cust_900,US
901,cust_901,US
902,cust_902,US
903,cust_903,US
904,cust_904,IN
905,cust_905,IN
906,cust_906,GB
907,cust_907,GB
908,cust_908,IN
909,cust_909,IN
910,cust_910,IN
911,cust_911,IN
912,cust_912,IN
913,cust_913,DE
914,cust_914,IN
915,cust_915,IN
916,cust_916,IN
917,cust_917,IN
918,cust_918,CA
919,cust_919,GB
920,cust_920,US
921,cust_921,GB
922,cust_922,IN
923,cust_923,GB
924,cust_924,GB
925,cust_925,IN
926,cust_926,US
927,cust_927,IN
928,cust_928,IN
929,cust_929,DE
930,cust_930,IN
931,cust_931,US
932,cust_932,GB
933,cust_933,CA
934,cust_934,IN
935,cust_935,US
936,cust_936,IN
937,cust_937,US
938,cust_938,CA
939,cust_939,US
940,cust_940,IN
941,cust_941,IN
942,cust_942,IN
943,cust_943,DE
944,cust_944,GB
945,cust_945,US
946,cust_946,US
947,cust_947,US
948,cust_948,CA
949,cust_949,GB
950,cust_950,IN
951,cust_951,DE
952,cust_952,DE
953,cust_953,US
954,cust_954,CA
955,cust_955,IN
956,cust_956,IN
957,cust_957,IN
958,cust_958,US
959,cust_959,US
960,cust_960,DE
961,cust_961,US
962,cust_962,DE
963,cust_963,US
964,cust_964,IN
965,cust_965,IN
966,cust_966,IN
967,cust_967,DE
968,cust_968,IN
969,cust_969,IN
970,cust_970,IN
971,cust_971,DE
972,cust_972,CA
973,cust_973,DE
974,cust_974,US
975,cust_975,US
976,cust_976,IN
977,cust_977,IN
978,cust_978,US
979,cust_979,IN
980,cust_980,IN
981,cust_981,IN
982,cust_982,GB
983,cust_983,US
984,cust_984,US
985,cust_985,DE
986,cust_986,IN
987,cust_987,DE
988,cust_988,IN
989,cust_989,US
990,cust_990,GB
991,cust_991,GB
992,cust_992,DE
993,cust_993,IN
994,cust_994,IN
995,cust_995,IN
996,cust_996,US
997,cust_997,CA
998,cust_998,US
999,cust_999,CA
1000,cust_1000,IN
1001,cust_1001,US
1002,cust_1002,IN
1003,cust_1003,GB
1004,cust_1004,DE
1005,cust_1005,GB
1006,cust_1006,DE
1007,cust_1007,DE
1008,cust_1008,GB
1009,cust_1009,US
1010,cust_1010,IN
1011,cust_1011,US
1012,cust_1012,CA
1013,cust_1013,CA
1014,cust_1014,US
1015,cust_1015,DE
1016,cust_1016,CA
1017,cust_1017,US
1018,cust_1018,IN
1019,cust_1019,CA
1020,cust_1020,US
1021,cust_1021,DE
1022,cust_1022,IN
1023,cust_1023,CA
1024,cust_1024,CA
1025,cust_1025,CA
1026,cust_1026,IN
1027,cust_1027,GB
1028,cust_1028,GB
1029,cust_1029,IN
1030,cust_1030,GB
1031,cust_1031,US
1032,cust_1032,IN
1033,cust_1033,US
1034,cust_1034,US
1035,cust_1035,US
1036,cust_1036,DE
1037,cust_1037,IN
1038,cust_1038,DE
1039,cust_1039,US
1040,cust_1040,IN
1041,cust_1041,IN
1042,cust_1042,GB
1043,cust_1043,IN
1044,cust_1044,DE
1045,cust_1045,GB
1046,cust_1046,DE
1047,cust_1047,US
1048,cust_1048,US
1049,cust_1049,GB
1050,cust_1050,US
1051,cust_1051,GB
1052,cust_1052,IN
1053,cust_1053,CA
1054,cust_1054,GB
1055,cust_1055,CA
1056,cust_1056,IN
1057,cust_1057,GB
1058,cust_1058,IN
1059,cust_1059,IN
1060,cust_1060,DE
1061,cust_1061,GB
1062,cust_1062,CA
1063,cust_1063,GB
1064,cust_1064,IN
1065,cust_1065,IN
1066,cust_1066,DE
1067,cust_1067,US
1068,cust_1068,US
1069,cust_1069,IN
1070,cust_1070,IN
1071,cust_1071,IN
1072,cust_1072,US
1073,cust_1073,US
1074,cust_1074,US
1075,cust_1075,CA
1076,cust_1076,IN
1077,cust_1077,IN
1078,cust_1078,DE
1079,cust_1079,US
1080,cust_1080,CA
1081,cust_1081,GB
1082,cust_1082,US
1083,cust_1083,IN
1084,cust_1084,GB
1085,cust_1085,CA
1086,cust_1086,IN
1087,cust_1087,DE
1088,cust_1088,US
1089,cust_1089,CA
1090,cust_1090,US
1091,cust_1091,CA
1092,cust_1092,DE
1093,cust_1093,DE
1094,cust_1094,IN
1095,cust_1095,US
1096,cust_1096,US
1097,cust_1097,US
1098,cust_1098,US
1099,cust_1099,GB
1100,cust_1100,IN
1101,cust_1101,US
1102,cust_1102,CA
1103,cust_1103,GB
1104,cust_1104,CA
1105,cust_1105,CA
1106,cust_1106,US
1107,cust_1107,IN
1108,cust_1108,GB
1109,cust_1109,DE
1110,cust_1110,US
1111,cust_1111,GB
1112,cust_1112,US
1113,cust_1113,US
1114,cust_1114,IN
1115,cust_1115,IN
1116,cust_1116,IN
1117,cust_1117,US
1118,cust_1118,GB
1119,cust_1119,IN
1120,cust_1120,US
1121,cust_1121,GB
1122,cust_1122,CA
1123,cust_1123,GB
1124,cust_1124,GB
1125,cust_1125,DE
1126,cust_1126,IN
1127,cust_1127,US
1128,cust_1128,IN
1129,cust_1129,IN
1130,cust_1130,IN
1131,cust_1131,DE
1132,cust_1132,IN
1133,cust_1133,US
1134,cust_1134,US
1135,cust_1135,DE
1136,cust_1136,US
1137,cust_1137,GB
1138,cust_1138,IN
1139,cust_1139,IN
1140,cust_1140,IN
1141,cust_1141,GB
1142,cust_1142,IN
1143,cust_1143,DE
1144,cust_1144,IN
1145,cust_1145,IN
1146,cust_1146,GB
1147,cust_1147,GB
1148,cust_1148,DE
1149,cust_1149,GB
1150,cust_1150,GB
1151,cust_1151,DE
1152,cust_1152,GB
1153,cust_1153,DE
1154,cust_1154,DE
1155,cust_1155,DE
1156,cust_1156,GB
1157,cust_1157,US
1158,cust_1158,GB
1159,cust_1159,GB
1160,cust_1160,US
1161,cust_1161,GB
1162,cust_1162,US
1163,cust_1163,IN
1164,cust_1164,DE
1165,cust_1165,US
1166,cust_1166,GB
1167,cust_1167,GB
1168,cust_1168,IN
1169,cust_1169,US
1170,cust_1170,IN
1171,cust_1171,DE
1172,cust_1172,CA
1173,cust_1173,DE
1174,cust_1174,IN
1175,cust_1175,DE
1176,cust_1176,IN
1177,cust_1177,GB
1178,cust_1178,US
1179,cust_1179,GB
1180,cust_1180,IN
1181,cust_1181,CA
1182,cust_1182,IN
1183,cust_1183,DE
1184,cust_1184,CA
1185,cust_1185,US
1186,cust_1186,CA
1187,cust_1187,DE
1188,cust_1188,US
1189,cust_1189,IN
1190,cust_1190,DE
1191,cust_1191,US
1192,cust_1192,IN
1193,cust_1193,IN
1194,cust_1194,DE
1195,cust_1195,US
1196,cust_1196,GB
1197,cust_1197,CA
1198,cust_1198,CA
1199,cust_1199,DE
1200,cust_1200,US
1201,cust_1201,GB
1202,cust_1202,US
1203,cust_1203,US
1204,cust_1204,IN
1205,cust_1205,IN
1206,cust_1206,GB
1207,cust_1207,DE
1208,cust_1208,IN
1209,cust_1209,IN
1210,cust_1210,CA
1211,cust_1211,IN
1212,cust_1212,IN
1213,cust_1213,US
1214,cust_1214,GB
1215,cust_1215,DE
1216,cust_1216,US
1217,cust_1217,US
1218,cust_1218,DE
1219,cust_1219,DE
1220,cust_1220,IN
1221,cust_1221,CA
1222,cust_1222,US
1223,cust_1223,IN
1224,cust_1224,CA
1225,cust_1225,IN
1226,cust_1226,DE
1227,cust_1227,IN
1228,cust_1228,IN
1229,cust_1229,CA
1230,cust_1230,IN
1231,cust_1231,GB
1232,cust_1232,US
1233,cust_1233,US
1234,cust_1234,US
1235,cust_1235,DE
1236,cust_1236,IN
1237,cust_1237,GB
1238,cust_1238,IN
1239,cust_1239,CA
1240,cust_1240,US
1241,cust_1241,GB
1242,cust_1242,GB
1243,cust_1243,GB
1244,cust_1244,GB
1245,cust_1245,GB
1246,cust_1246,DE
1247,cust_1247,US
1248,cust_1248,US
1249,cust_1249,CA
1250,cust_1250,DE
1251,cust_1251,GB
1252,cust_1252,IN
1253,cust_1253,US
1254,cust_1254,US
1255,cust_1255,DE
1256,cust_1256,IN
1257,cust_1257,US
1258,cust_1258,IN
1259,cust_1259,US
1260,cust_1260,IN
1261,cust_1261,IN
1262,cust_1262,GB
1263,cust_1263,IN
1264,cust_1264,IN
1265,cust_1265,US
1266,cust_1266,US
1267,cust_1267,IN
1268,cust_1268,IN
1269,cust_1269,DE
1270,cust_1270,IN
1271,cust_1271,DE
1272,cust_1272,GB
1273,cust_1273,GB
1274,cust_1274,US
1275,cust_1275,IN
1276,cust_1276,US
1277,cust_1277,US
1278,cust_1278,CA
1279,cust_1279,US
1280,cust_1280,IN
1281,cust_1281,DE
1282,cust_1282,DE
1283,cust_1283,IN
1284,cust_1284,US
1285,cust_1285,IN
1286,cust_1286,IN
1287,cust_1287,US
1288,cust_1288,IN
1289,cust_1289,US
1290,cust_1290,US
1291,cust_1291,IN
1292,cust_1292,US
1293,cust_1293,IN
1294,cust_1294,DE
1295,cust_1295,GB
1296,cust_1296,US
1297,cust_1297,US
1298,cust_1298,US
1299,cust_1299,DE
1300,cust_1300,DE
1301,cust_1301,US
1302,cust_1302,CA
1303,cust_1303,US
1304,cust_1304,IN
1305,cust_1305,DE
1306,cust_1306,GB
1307,cust_1307,DE
1308,cust_1308,GB
1309,cust_1309,IN
1310,cust_1310,GB
1311,cust_1311,US
1312,cust_1312,GB
1313,cust_1313,IN
1314,cust_1314,GB
1315,cust_1315,IN
1316,cust_1316,DE
1317,cust_1317,IN
1318,cust_1318,DE
1319,cust_1319,US
1320,cust_1320,US
1321,cust_1321,US
1322,cust_1322,US
1323,cust_1323,GB
1324,cust_1324,US
1325,cust_1325,CA
1326,cust_1326,IN
1327,cust_1327,US
1328,cust_1328,GB
1329,cust_1329,DE
1330,cust_1330,IN
1331,cust_1331,IN
1332,cust_1332,DE
1333,cust_1333,US
1334,cust_1334,CA
1335,cust_1335,CA
1336,cust_1336,DE
1337,cust_1337,US
1338,cust_1338,DE
1339,cust_1339,US
1340,cust_1340,US
1341,cust_1341,IN
1342,cust_1342,IN
1343,cust_1343,GB
1344,cust_1344,DE
1345,cust_1345,DE
1346,cust_1346,IN
1347,cust_1347,IN
1348,cust_1348,IN
1349,cust_1349,CA
1350,cust_1350,US
1351,cust_1351,GB
1352,cust_1352,IN
1353,cust_1353,IN
1354,cust_1354,DE
1355,cust_1355,IN
1356,cust_1356,GB
1357,cust_1357,CA
1358,cust_1358,IN
1359,cust_1359,IN
1360,cust_1360,IN
1361,cust_1361,CA
1362,cust_1362,US
1363,cust_1363,DE
1364,cust_1364,DE
1365,cust_1365,DE
1366,cust_1366,US
1367,cust_1367,DE
1368,cust_1368,CA
1369,cust_1369,US
1370,cust_1370,US
1371,cust_1371,CA
1372,cust_1372,US
1373,cust_1373,GB
1374,cust_1374,IN
1375,cust_1375,US
1376,cust_1376,GB
1377,cust_1377,IN
1378,cust_1378,IN
1379,cust_1379,IN
1380,cust_1380,IN
1381,cust_1381,US
1382,cust_1382,IN
1383,cust_1383,CA
1384,cust_1384,IN
1385,cust_1385,DE
1386,cust_1386,IN
1387,cust_1387,GB
1388,cust_1388,US
1389,cust_1389,CA
1390,cust_1390,IN
1391,cust_1391,US
1392,cust_1392,US
1393,cust_1393,US
1394,cust_1394,IN
1395,cust_1395,IN
1396,cust_1396,GB
1397,cust_1397,IN
1398,cust_1398,US
1399,cust_1399,DE
1400,cust_1400,DE
1401,cust_1401,US
1402,cust_1402,US
1403,cust_1403,US
1404,cust_1404,DE
1405,cust_1405,DE
1406,cust_1406,IN
1407,cust_1407,GB
1408,cust_1408,GB
1409,cust_1409,IN
1410,cust_1410,GB
1411,cust_1411,US
1412,cust_1412,US
1413,cust_1413,IN
1414,cust_1414,US
1415,cust_1415,IN
1416,cust_1416,CA
1417,cust_1417,US
1418,cust_1418,US
1419,cust_1419,IN
1420,cust_1420,CA
1421,cust_1421,IN
1422,cust_1422,IN
1423,cust_1423,US
1424,cust_1424,US
1425,cust_1425,CA
1426,cust_1426,CA
1427,cust_1427,US
1428,cust_1428,CA
1429,cust_1429,DE
1430,cust_1430,GB
1431,cust_1431,IN
1432,cust_1432,IN
1433,cust_1433,IN
1434,cust_1434,DE
1435,cust_1435,US
1436,cust_1436,US
1437,cust_1437,IN
1438,cust_1438,DE
1439,cust_1439,US
1440,cust_1440,DE
1441,cust_1441,CA
1442,cust_1442,US
1443,cust_1443,DE
1444,cust_1444,IN
1445,cust_1445,GB
1446,cust_1446,US
1447,cust_1447,DE
1448,cust_1448,GB
1449,cust_1449,CA
1450,cust_1450,DE
1451,cust_1451,IN
1452,cust_1452,DE
1453,cust_1453,GB
1454,cust_1454,IN
1455,cust_1455,US
1456,cust_1456,CA
1457,cust_1457,DE
1458,cust_1458,DE
1459,cust_1459,US
1460,cust_1460,DE
1461,cust_1461,IN
1462,cust_1462,DE
1463,cust_1463,US
1464,cust_1464,DE
1465,cust_1465,CA
1466,cust_1466,US
1467,cust_1467,CA
1468,cust_1468,IN
1469,cust_1469,GB
1470,cust_1470,GB
1471,cust_1471,IN
1472,cust_1472,DE
1473,cust_1473,GB
1474,cust_1474,IN
1475,cust_1475,IN
1476,cust_1476,DE
1477,cust_1477,GB
1478,cust_1478,GB
1479,cust_1479,GB
1480,cust_1480,IN
1481,cust_1481,GB
1482,cust_1482,US
1483,cust_1483,IN
1484,cust_1484,US
1485,cust_1485,IN
1486,cust_1486,IN
1487,cust_1487,IN
1488,cust_1488,DE
1489,cust_1489,IN
1490,cust_1490,IN
1491,cust_1491,US
1492,cust_1492,IN
1493,cust_1493,US
1494,cust_1494,US
1495,cust_1495,DE
1496,cust_1496,DE
1497,cust_1497,DE
1498,cust_1498,IN
1499,cust_1499,IN
1500,cust_1500,GB
1501,cust_1501,IN
1502,cust_1502,IN
1503,cust_1503,US
1504,cust_1504,IN
1505,cust_1505,IN
1506,cust_1506,IN
1507,cust_1507,IN
1508,cust_1508,IN
1509,cust_1509,DE
1510,cust_1510,GB
1511,cust_1511,GB
1512,cust_1512,DE
1513,cust_1513,CA
1514,cust_1514,US
1515,cust_1515,US
1516,cust_1516,US
1517,cust_1517,DE
1518,cust_1518,GB
1519,cust_1519,US
1520,cust_1520,CA
1521,cust_1521,US
1522,cust_1522,CA
1523,cust_1523,IN
1524,cust_1524,US
1525,cust_1525,IN
1526,cust_1526,IN
1527,cust_1527,IN
1528,cust_1528,IN
1529,cust_1529,GB
1530,cust_1530,IN
1531,cust_1531,IN
1532,cust_1532,DE
1533,cust_1533,DE
1534,cust_1534,IN
1535,cust_1535,IN
1536,cust_1536,US
1537,cust_1537,US
1538,cust_1538,DE
1539,cust_1539,US
1540,cust_1540,IN
1541,cust_1541,DE
1542,cust_1542,US
1543,cust_1543,IN
1544,cust_1544,IN
1545,cust_1545,CA
1546,cust_1546,IN
1547,cust_1547,GB
1548,cust_1548,IN
1549,cust_1549,US
1550,cust_1550,DE
1551,cust_1551,CA
1552,cust_1552,DE
1553,cust_1553,GB
1554,cust_1554,GB
1555,cust_1555,US
1556,cust_1556,US
1557,cust_1557,DE
1558,cust_1558,IN
1559,cust_1559,GB
1560,cust_1560,CA
1561,cust_1561,IN
1562,cust_1562,US
1563,cust_1563,GB
1564,cust_1564,IN
1565,cust_1565,GB
1566,cust_1566,IN
1567,cust_1567,DE
1568,cust_1568,US
1569,cust_1569,DE
1570,cust_1570,IN
1571,cust_1571,IN
1572,cust_1572,US
1573,cust_1573,DE
1574,cust_1574,GB
1575,cust_1575,US
1576,cust_1576,US
1577,cust_1577,US
1578,cust_1578,DE
1579,cust_1579,DE
1580,cust_1580,IN
1581,cust_1581,US
1582,cust_1582,IN
1583,cust_1583,IN
1584,cust_1584,IN
1585,cust_1585,CA
1586,cust_1586,US
1587,cust_1587,DE
1588,cust_1588,IN
1589,cust_1589,IN
1590,cust_1590,DE
1591,cust_1591,DE
1592,cust_1592,CA
1593,cust_1593,US
1594,cust_1594,US
1595,cust_1595,DE
1596,cust_1596,IN
1597,cust_1597,IN
1598,cust_1598,US
1599,cust_1599,US
1600,cust_1600,GB
1601,cust_1601,US
1602,cust_1602,IN
1603,cust_1603,US
1604,cust_1604,IN
1605,cust_1605,US
1606,cust_1606,IN
1607,cust_1607,US
1608,cust_1608,GB
1609,cust_1609,US
1610,cust_1610,IN
1611,cust_1611,GB
1612,cust_1612,DE
1613,cust_1613,IN
1614,cust_1614,IN
1615,cust_1615,IN
1616,cust_1616,DE
1617,cust_1617,CA
1618,cust_1618,DE
1619,cust_1619,IN
1620,cust_1620,DE
1621,cust_1621,IN
1622,cust_1622,US
1623,cust_1623,IN
1624,cust_1624,CA
1625,cust_1625,US
1626,cust_1626,DE
1627,cust_1627,US
1628,cust_1628,IN
1629,cust_1629,US
1630,cust_1630,IN
1631,cust_1631,GB
1632,cust_1632,IN
1633,cust_1633,DE
1634,cust_1634,GB
1635,cust_1635,CA
1636,cust_1636,US
1637,cust_1637,IN
1638,cust_1638,US
1639,cust_1639,CA
1640,cust_1640,CA
1641,cust_1641,IN
1642,cust_1642,GB
1643,cust_1643,IN
1644,cust_1644,DE
1645,cust_1645,US
1646,cust_1646,GB
1647,cust_1647,US
1648,cust_1648,GB
1649,cust_1649,GB
1650,cust_1650,DE
1651,cust_1651,US
1652,cust_1652,IN
1653,cust_1653,IN
1654,cust_1654,IN
1655,cust_1655,US
1656,cust_1656,CA
1657,cust_1657,IN
1658,cust_1658,IN
1659,cust_1659,IN
1660,cust_1660,IN
1661,cust_1661,DE
1662,cust_1662,IN
1663,cust_1663,CA
1664,cust_1664,IN
1665,cust_1665,CA
1666,cust_1666,GB
1667,cust_1667,US
1668,cust_1668,CA
1669,cust_1669,US
1670,cust_1670,GB
1671,cust_1671,IN
1672,cust_1672,GB
1673,cust_1673,GB
1674,cust_1674,GB
1675,cust_1675,GB
1676,cust_1676,IN
1677,cust_1677,US
1678,cust_1678,IN
1679,cust_1679,US
1680,cust_1680,DE
1681,cust_1681,IN
1682,cust_1682,CA
1683,cust_1683,DE
1684,cust_1684,GB
1685,cust_1685,US
1686,cust_1686,GB
1687,cust_1687,CA
1688,cust_1688,IN
1689,cust_1689,DE
1690,cust_1690,GB
1691,cust_1691,US
1692,cust_1692,IN
1693,cust_1693,IN
1694,cust_1694,US
1695,cust_1695,IN
1696,cust_1696,US
1697,cust_1697,US
1698,cust_1698,US
1699,cust_1699,CA
1700,cust_1700,IN
1701,cust_1701,CA
1702,cust_1702,IN
1703,cust_1703,IN
1704,cust_1704,IN
1705,cust_1705,IN
1706,cust_1706,US
1707,cust_1707,DE
1708,cust_1708,US
1709,cust_1709,DE
1710,cust_1710,DE
1711,cust_1711,US
1712,cust_1712,US
1713,cust_1713,GB
1714,cust_1714,IN
1715,cust_1715,US
1716,cust_1716,CA
1717,cust_1717,US
1718,cust_1718,DE
1719,cust_1719,CA
1720,cust_1720,US
1721,cust_1721,US
1722,cust_1722,US
1723,cust_1723,IN
1724,cust_1724,US
1725,cust_1725,DE
1726,cust_1726,US
1727,cust_1727,IN
1728,cust_1728,CA
1729,cust_1729,GB
1730,cust_1730,DE
1731,cust_1731,IN
1732,cust_1732,DE
1733,cust_1733,IN
1734,cust_1734,IN
1735,cust_1735,US
1736,cust_1736,GB
1737,cust_1737,IN
1738,cust_1738,US
1739,cust_1739,IN
1740,cust_1740,IN
1741,cust_1741,GB
1742,cust_1742,DE
1743,cust_1743,GB
1744,cust_1744,US
1745,cust_1745,IN
1746,cust_1746,IN
1747,cust_1747,US
1748,cust_1748,IN
1749,cust_1749,GB
1750,cust_1750,US
1751,cust_1751,IN
1752,cust_1752,US
1753,cust_1753,US
1754,cust_1754,US
1755,cust_1755,CA
1756,cust_1756,GB
1757,cust_1757,CA
1758,cust_1758,IN
1759,cust_1759,US
1760,cust_1760,IN
1761,cust_1761,IN
1762,cust_1762,GB
1763,cust_1763,US
1764,cust_1764,IN
1765,cust_1765,US
1766,cust_1766,IN
1767,cust_1767,DE
1768,cust_1768,IN
1769,cust_1769,IN
1770,cust_1770,IN
1771,cust_1771,IN
1772,cust_1772,GB
1773,cust_1773,GB
1774,cust_1774,CA
1775,cust_1775,GB
1776,cust_1776,IN
1777,cust_1777,DE
1778,cust_1778,IN
1779,cust_1779,IN
1780,cust_1780,GB
1781,cust_1781,US
1782,cust_1782,CA
1783,cust_1783,IN
1784,cust_1784,DE
1785,cust_1785,DE
1786,cust_1786,GB
1787,cust_1787,DE
1788,cust_1788,DE
1789,cust_1789,US
1790,cust_1790,IN
1791,cust_1791,US
1792,cust_1792,DE
1793,cust_1793,IN
1794,cust_1794,DE
1795,cust_1795,US
1796,cust_1796,US
1797,cust_1797,DE
1798,cust_1798,US
1799,cust_1799,US
1800,cust_1800,US
1801,cust_1801,CA
1802,cust_1802,DE
1803,cust_1803,IN
1804,cust_1804,IN
1805,cust_1805,IN
1806,cust_1806,GB
1807,cust_1807,DE
1808,cust_1808,US
1809,cust_1809,US
1810,cust_1810,US
1811,cust_1811,DE
1812,cust_1812,GB
1813,cust_1813,IN
1814,cust_1814,US
1815,cust_1815,US
1816,cust_1816,CA
1817,cust_1817,IN
1818,cust_1818,GB
1819,cust_1819,DE
1820,cust_1820,IN
1821,cust_1821,US
1822,cust_1822,US
1823,cust_1823,DE
1824,cust_1824,GB
1825,cust_1825,DE
1826,cust_1826,IN
1827,cust_1827,US
1828,cust_1828,CA
1829,cust_1829,GB
1830,cust_1830,IN
1831,cust_1831,CA
1832,cust_1832,DE
1833,cust_1833,IN
1834,cust_1834,DE
1835,cust_1835,GB
1836,cust_1836,DE
1837,cust_1837,US
1838,cust_1838,IN
1839,cust_1839,CA
1840,cust_1840,US
1841,cust_1841,IN
1842,cust_1842,IN
1843,cust_1843,IN
1844,cust_1844,DE
1845,cust_1845,CA
1846,cust_1846,US
1847,cust_1847,US
1848,cust_1848,US
1849,cust_1849,GB
1850,cust_1850,DE
1851,cust_1851,IN
1852,cust_1852,GB
1853,cust_1853,GB
1854,cust_1854,GB
1855,cust_1855,CA
1856,cust_1856,IN
1857,cust_1857,GB
1858,cust_1858,IN
1859,cust_1859,GB
1860,cust_1860,DE
1861,cust_1861,GB
1862,cust_1862,DE
1863,cust_1863,US
1864,cust_1864,IN
1865,cust_1865,CA
1866,cust_1866,CA
1867,cust_1867,US
1868,cust_1868,US
1869,cust_1869,US
1870,cust_1870,DE
1871,cust_1871,GB
1872,cust_1872,US
1873,cust_1873,IN
1874,cust_1874,GB
1875,cust_1875,DE
1876,cust_1876,IN
1877,cust_1877,IN
1878,cust_1878,IN
1879,cust_1879,IN
1880,cust_1880,IN
1881,cust_1881,DE
1882,cust_1882,GB
1883,cust_1883,DE
1884,cust_1884,GB
1885,cust_1885,US
1886,cust_1886,IN
1887,cust_1887,US
1888,cust_1888,US
1889,cust_1889,DE
1890,cust_1890,CA
1891,cust_1891,US
1892,cust_1892,IN
1893,cust_1893,GB
1894,cust_1894,US
1895,cust_1895,IN
1896,cust_1896,DE
1897,cust_1897,DE
1898,cust_1898,US
1899,cust_1899,IN
1900,cust_1900,GB
1901,cust_1901,IN
1902,cust_1902,US
1903,cust_1903,GB
1904,cust_1904,US
1905,cust_1905,DE
1906,cust_1906,US
1907,cust_1907,CA
1908,cust_1908,IN
1909,cust_1909,IN
1910,cust_1910,US
1911,cust_1911,IN
1912,cust_1912,GB
1913,cust_1913,CA
1914,cust_1914,IN
1915,cust_1915,IN
1916,cust_1916,DE
1917,cust_1917,GB
1918,cust_1918,IN
1919,cust_1919,IN
1920,cust_1920,IN
1921,cust_1921,DE
1922,cust_1922,US
1923,cust_1923,DE
1924,cust_1924,IN
1925,cust_1925,GB
1926,cust_1926,US
1927,cust_1927,IN
1928,cust_1928,IN
1929,cust_1929,DE
1930,cust_1930,US
1931,cust_1931,IN
1932,cust_1932,IN
1933,cust_1933,IN
1934,cust_1934,DE
1935,cust_1935,DE
1936,cust_1936,GB
1937,cust_1937,IN
1938,cust_1938,GB
1939,cust_1939,IN
1940,cust_1940,US
1941,cust_1941,US
1942,cust_1942,IN
1943,cust_1943,GB
1944,cust_1944,DE
1945,cust_1945,GB
1946,cust_1946,IN
1947,cust_1947,IN
1948,cust_1948,US
1949,cust_1949,IN
1950,cust_1950,IN
1951,cust_1951,US
1952,cust_1952,US
1953,cust_1953,IN
1954,cust_1954,DE
1955,cust_1955,CA
1956,cust_1956,CA
1957,cust_1957,DE
1958,cust_1958,IN
1959,cust_1959,DE
1960,cust_1960,GB
1961,cust_1961,US
1962,cust_1962,IN
1963,cust_1963,GB
1964,cust_1964,IN
1965,cust_1965,IN
1966,cust_1966,IN
1967,cust_1967,US
1968,cust_1968,IN
1969,cust_1969,IN
1970,cust_1970,US
1971,cust_1971,US
1972,cust_1972,GB
1973,cust_1973,IN
1974,cust_1974,IN
1975,cust_1975,IN
1976,cust_1976,CA
1977,cust_1977,IN
1978,cust_1978,IN
1979,cust_1979,GB
1980,cust_1980,GB
1981,cust_1981,US
1982,cust_1982,GB
1983,cust_1983,IN
1984,cust_1984,IN
1985,cust_1985,US
1986,cust_1986,US
1987,cust_1987,DE
1988,cust_1988,IN
1989,cust_1989,IN
1990,cust_1990,DE
1991,cust_1991,GB
1992,cust_1992,US
1993,cust_1993,DE
1994,cust_1994,US
1995,cust_1995,GB
1996,cust_1996,DE
1997,cust_1997,CA
1998,cust_1998,US
1999,cust_1999,US
2000,cust_2000,IN
2001,cust_2001,IN
2002,cust_2002,US
2003,cust_2003,CA
2004,cust_2004,US
2005,cust_2005,IN
2006,cust_2006,GB
2007,cust_2007,IN
2008,cust_2008,GB
2009,cust_2009,US
2010,cust_2010,IN
2011,cust_2011,US
2012,cust_2012,US
2013,cust_2013,CA
2014,cust_2014,US
2015,cust_2015,IN
2016,cust_2016,IN
2017,cust_2017,IN
2018,cust_2018,GB
2019,cust_2019,US
2020,cust_2020,DE
2021,cust_2021,CA
2022,cust_2022,IN
2023,cust_2023,CA
2024,cust_2024,US
2025,cust_2025,IN
2026,cust_2026,IN
2027,cust_2027,DE
2028,cust_2028,CA
2029,cust_2029,IN
2030,cust_2030,DE
2031,cust_2031,US
2032,cust_2032,IN
2033,cust_2033,IN
2034,cust_2034,CA
2035,cust_2035,DE
2036,cust_2036,IN
2037,cust_2037,US
2038,cust_2038,US
2039,cust_2039,US
2040,cust_2040,IN
2041,cust_2041,GB
2042,cust_2042,IN
2043,cust_2043,IN
2044,cust_2044,US
2045,cust_2045,GB
2046,cust_2046,DE
2047,cust_2047,US
2048,cust_2048,DE
2049,cust_2049,IN
2050,cust_2050,US
2051,cust_2051,IN
2052,cust_2052,IN
2053,cust_2053,US
2054,cust_2054,CA
2055,cust_2055,GB
2056,cust_2056,DE
2057,cust_2057,IN
2058,cust_2058,IN
2059,cust_2059,DE
2060,cust_2060,IN
2061,cust_2061,US
2062,cust_2062,IN
2063,cust_2063,GB
2064,cust_2064,IN
2065,cust_2065,US
2066,cust_2066,GB
2067,cust_2067,US
2068,cust_2068,IN
2069,cust_2069,US
2070,cust_2070,IN
2071,cust_2071,GB
2072,cust_2072,IN
2073,cust_2073,US
2074,cust_2074,GB
2075,cust_2075,GB
2076,cust_2076,GB
2077,cust_2077,US
2078,cust_2078,IN
2079,cust_2079,CA
2080,cust_2080,GB
2081,cust_2081,US
2082,cust_2082,US
2083,cust_2083,IN
2084,cust_2084,CA
2085,cust_2085,IN
2086,cust_2086,IN
2087,cust_2087,US
2088,cust_2088,DE
2089,cust_2089,GB
2090,cust_2090,IN
2091,cust_2091,GB
2092,cust_2092,CA
2093,cust_2093,US
2094,cust_2094,IN
2095,cust_2095,IN
2096,cust_2096,GB
2097,cust_2097,IN
2098,cust_2098,DE
2099,cust_2099,GB
2100,cust_2100,IN
2101,cust_2101,CA
2102,cust_2102,IN
2103,cust_2103,US
2104,cust_2104,DE
2105,cust_2105,GB
2106,cust_2106,IN
2107,cust_2107,GB
2108,cust_2108,CA
2109,cust_2109,IN
2110,cust_2110,CA
2111,cust_2111,US
2112,cust_2112,US
2113,cust_2113,US
2114,cust_2114,GB
2115,cust_2115,DE
2116,cust_2116,US
2117,cust_2117,IN
2118,cust_2118,DE
2119,cust_2119,US
2120,cust_2120,GB
2121,cust_2121,GB
2122,cust_2122,IN
2123,cust_2123,CA
2124,cust_2124,IN
2125,cust_2125,CA
2126,cust_2126,DE
2127,cust_2127,DE
2128,cust_2128,US
2129,cust_2129,GB
2130,cust_2130,IN
2131,cust_2131,US
2132,cust_2132,US
2133,cust_2133,IN
2134,cust_2134,IN
2135,cust_2135,DE
2136,cust_2136,GB
2137,cust_2137,US
2138,cust_2138,DE
2139,cust_2139,US
2140,cust_2140,GB
2141,cust_2141,GB
2142,cust_2142,IN
2143,cust_2143,DE
2144,cust_2144,IN
2145,cust_2145,IN
2146,cust_2146,GB
2147,cust_2147,IN
2148,cust_2148,IN
2149,cust_2149,IN
2150,cust_2150,GB
2151,cust_2151,IN
2152,cust_2152,US
2153,cust_2153,DE
2154,cust_2154,GB
2155,cust_2155,US
2156,cust_2156,US
2157,cust_2157,US
2158,cust_2158,IN
2159,cust_2159,IN
2160,cust_2160,DE
2161,cust_2161,DE
2162,cust_2162,DE
2163,cust_2163,IN
2164,cust_2164,GB
2165,cust_2165,IN
2166,cust_2166,CA
2167,cust_2167,DE
2168,cust_2168,US
2169,cust_2169,DE
2170,cust_2170,IN
2171,cust_2171,DE
2172,cust_2172,US
2173,cust_2173,US
2174,cust_2174,GB
2175,cust_2175,US
2176,cust_2176,GB
2177,cust_2177,IN
2178,cust_2178,DE
2179,cust_2179,DE
2180,cust_2180,IN
2181,cust_2181,IN
2182,cust_2182,US
2183,cust_2183,US
2184,cust_2184,IN
2185,cust_2185,DE
2186,cust_2186,CA
2187,cust_2187,GB
2188,cust_2188,GB
2189,cust_2189,GB
2190,cust_2190,DE
2191,cust_2191,IN
2192,cust_2192,CA
2193,cust_2193,DE
2194,cust_2194,IN
2195,cust_2195,US
2196,cust_2196,IN
2197,cust_2197,IN
2198,cust_2198,GB
2199,cust_2199,IN
2200,cust_2200,IN
2201,cust_2201,CA
2202,cust_2202,US
2203,cust_2203,IN
2204,cust_2204,US
2205,cust_2205,DE
2206,cust_2206,CA
2207,cust_2207,IN
2208,cust_2208,GB
2209,cust_2209,IN
2210,cust_2210,CA
2211,cust_2211,GB
2212,cust_2212,GB
2213,cust_2213,US
2214,cust_2214,CA
2215,cust_2215,DE
2216,cust_2216,IN
2217,cust_2217,GB
2218,cust_2218,IN
2219,cust_2219,GB
2220,cust_2220,US
2221,cust_2221,DE
2222,cust_2222,IN
2223,cust_2223,US
2224,cust_2224,US
2225,cust_2225,US
2226,cust_2226,IN
2227,cust_2227,IN
2228,cust_2228,IN
2229,cust_2229,IN
2230,cust_2230,IN
2231,cust_2231,DE
2232,cust_2232,US
2233,cust_2233,CA
2234,cust_2234,GB
2235,cust_2235,DE
2236,cust_2236,IN
2237,cust_2237,GB
2238,cust_2238,US
2239,cust_2239,US
2240,cust_2240,US
2241,cust_2241,GB
2242,cust_2242,US
2243,cust_2243,IN
2244,cust_2244,CA
2245,cust_2245,GB
2246,cust_2246,IN
2247,cust_2247,US
2248,cust_2248,GB
2249,cust_2249,IN
2250,cust_2250,US
2251,cust_2251,US
2252,cust_2252,CA
2253,cust_2253,DE
2254,cust_2254,GB
2255,cust_2255,GB
2256,cust_2256,IN
2257,cust_2257,IN
2258,cust_2258,IN
2259,cust_2259,IN
2260,cust_2260,IN
2261,cust_2261,GB
2262,cust_2262,DE
2263,cust_2263,GB
2264,cust_2264,IN
2265,cust_2265,DE
2266,cust_2266,DE
2267,cust_2267,IN
2268,cust_2268,DE
2269,cust_2269,US
2270,cust_2270,IN
2271,cust_2271,US
2272,cust_2272,IN
2273,cust_2273,IN
2274,cust_2274,DE
2275,cust_2275,CA
2276,cust_2276,DE
2277,cust_2277,DE
2278,cust_2278,IN
2279,cust_2279,DE
2280,cust_2280,US
2281,cust_2281,IN
2282,cust_2282,IN
2283,cust_2283,IN
2284,cust_2284,US
2285,cust_2285,US
2286,cust_2286,IN
2287,cust_2287,CA
2288,cust_2288,IN
2289,cust_2289,IN
2290,cust_2290,US
2291,cust_2291,DE
2292,cust_2292,IN
2293,cust_2293,US
2294,cust_2294,IN
2295,cust_2295,US
2296,cust_2296,US
2297,cust_2297,US
2298,cust_2298,US
2299,cust_2299,US
2300,cust_2300,IN
2301,cust_2301,GB
2302,cust_2302,IN
2303,cust_2303,IN
2304,cust_2304,IN
2305,cust_2305,CA
2306,cust_2306,IN
2307,cust_2307,US
2308,cust_2308,DE
2309,cust_2309,US
2310,cust_2310,IN
2311,cust_2311,IN
2312,cust_2312,GB
2313,cust_2313,IN
2314,cust_2314,DE
2315,cust_2315,CA
2316,cust_2316,US
2317,cust_2317,IN
2318,cust_2318,IN
2319,cust_2319,IN
2320,cust_2320,IN
2321,cust_2321,CA
2322,cust_2322,DE
2323,cust_2323,DE
2324,cust_2324,IN
2325,cust_2325,GB
2326,cust_2326,CA
2327,cust_2327,GB
2328,cust_2328,US
2329,cust_2329,DE
2330,cust_2330,US
2331,cust_2331,IN
2332,cust_2332,US
2333,cust_2333,DE
2334,cust_2334,DE
2335,cust_2335,US
2336,cust_2336,IN
2337,cust_2337,IN
2338,cust_2338,IN
2339,cust_2339,US
2340,cust_2340,IN
2341,cust_2341,GB
2342,cust_2342,US
2343,cust_2343,US
2344,cust_2344,IN
2345,cust_2345,CA
2346,cust_2346,DE
2347,cust_2347,DE
2348,cust_2348,IN
2349,cust_2349,IN
2350,cust_2350,US
2351,cust_2351,DE
2352,cust_2352,CA
2353,cust_2353,DE
2354,cust_2354,GB
2355,cust_2355,DE
2356,cust_2356,US
2357,cust_2357,CA
2358,cust_2358,US
2359,cust_2359,IN
2360,cust_2360,US
2361,cust_2361,US
2362,cust_2362,IN
2363,cust_2363,IN
2364,cust_2364,IN
2365,cust_2365,IN
2366,cust_2366,US
2367,cust_2367,US
2368,cust_2368,IN
2369,cust_2369,IN
2370,cust_2370,DE
2371,cust_2371,DE
2372,cust_2372,GB
2373,cust_2373,DE
2374,cust_2374,IN
2375,cust_2375,DE
2376,cust_2376,IN
2377,cust_2377,IN
2378,cust_2378,GB
2379,cust_2379,IN
2380,cust_2380,GB
2381,cust_2381,GB
2382,cust_2382,GB
2383,cust_2383,CA
2384,cust_2384,IN
2385,cust_2385,IN
2386,cust_2386,IN
2387,cust_2387,IN
2388,cust_2388,DE
2389,cust_2389,DE
2390,cust_2390,DE
2391,cust_2391,IN
2392,cust_2392,US
2393,cust_2393,IN
2394,cust_2394,US
2395,cust_2395,GB
2396,cust_2396,IN
2397,cust_2397,US
2398,cust_2398,US
2399,cust_2399,DE
2400,cust_2400,DE
2401,cust_2401,IN
2402,cust_2402,US
2403,cust_2403,IN
2404,cust_2404,IN
2405,cust_2405,DE
2406,cust_2406,DE
2407,cust_2407,IN
2408,cust_2408,US
2409,cust_2409,CA
2410,cust_2410,IN
2411,cust_2411,DE
2412,cust_2412,US
2413,cust_2413,IN
2414,cust_2414,US
2415,cust_2415,IN
2416,cust_2416,CA
2417,cust_2417,IN
2418,cust_2418,US
2419,cust_2419,US
2420,cust_2420,IN
2421,cust_2421,US
2422,cust_2422,US
2423,cust_2423,GB
2424,cust_2424,IN
2425,cust_2425,IN
2426,cust_2426,CA
2427,cust_2427,US
2428,cust_2428,CA
2429,cust_2429,IN
2430,cust_2430,GB
2431,cust_2431,DE
2432,cust_2432,GB
2433,cust_2433,CA
2434,cust_2434,IN
2435,cust_2435,CA
2436,cust_2436,IN
2437,cust_2437,IN
2438,cust_2438,IN
2439,cust_2439,IN
2440,cust_2440,US
2441,cust_2441,IN
2442,cust_2442,IN
2443,cust_2443,GB
2444,cust_2444,GB
2445,cust_2445,IN
2446,cust_2446,IN
2447,cust_2447,IN
2448,cust_2448,US
2449,cust_2449,US
2450,cust_2450,IN
2451,cust_2451,IN
2452,cust_2452,CA
2453,cust_2453,IN
2454,cust_2454,IN
2455,cust_2455,IN
2456,cust_2456,US
2457,cust_2457,IN
2458,cust_2458,DE
2459,cust_2459,IN
2460,cust_2460,IN
2461,cust_2461,CA
2462,cust_2462,GB
2463,cust_2463,DE
2464,cust_2464,IN
2465,cust_2465,DE
2466,cust_2466,US
2467,cust_2467,IN
2468,cust_2468,US
2469,cust_2469,IN
2470,cust_2470,IN
2471,cust_2471,US
2472,cust_2472,CA
2473,cust_2473,CA
2474,cust_2474,DE
2475,cust_2475,IN
2476,cust_2476,GB
2477,cust_2477,US
2478,cust_2478,GB
2479,cust_2479,US
2480,cust_2480,GB
2481,cust_2481,IN
2482,cust_2482,GB
2483,cust_2483,CA
2484,cust_2484,US
2485,cust_2485,IN
2486,cust_2486,CA
2487,cust_2487,IN
2488,cust_2488,GB
2489,cust_2489,IN
2490,cust_2490,IN
2491,cust_2491,IN
2492,cust_2492,US
2493,cust_2493,GB
2494,cust_2494,IN
2495,cust_2495,IN
2496,cust_2496,IN
2497,cust_2497,IN
2498,cust_2498,GB
2499,cust_2499,CA
2500,cust_2500,IN
2501,cust_2501,GB
2502,cust_2502,GB
2503,cust_2503,IN
2504,cust_2504,CA
2505,cust_2505,US
2506,cust_2506,US
2507,cust_2507,GB
2508,cust_2508,IN
2509,cust_2509,GB
2510,cust_2510,GB
2511,cust_2511,US
2512,cust_2512,GB
2513,cust_2513,IN
2514,cust_2514,IN
2515,cust_2515,DE
2516,cust_2516,CA
2517,cust_2517,US
2518,cust_2518,IN
2519,cust_2519,DE
2520,cust_2520,DE
2521,cust_2521,DE
2522,cust_2522,US
2523,cust_2523,IN
2524,cust_2524,IN
2525,cust_2525,GB
2526,cust_2526,IN
2527,cust_2527,US
2528,cust_2528,CA
2529,cust_2529,US
2530,cust_2530,CA
2531,cust_2531,DE
2532,cust_2532,GB
2533,cust_2533,IN
2534,cust_2534,US
2535,cust_2535,DE
2536,cust_2536,GB
2537,cust_2537,DE
2538,cust_2538,US
2539,cust_2539,GB
2540,cust_2540,GB
2541,cust_2541,DE
2542,cust_2542,GB
2543,cust_2543,GB
2544,cust_2544,DE
2545,cust_2545,US
2546,cust_2546,IN
2547,cust_2547,US
2548,cust_2548,IN
2549,cust_2549,IN
2550,cust_2550,US
2551,cust_2551,IN
2552,cust_2552,US
2553,cust_2553,GB
2554,cust_2554,CA
2555,cust_2555,US
2556,cust_2556,CA
2557,cust_2557,IN
2558,cust_2558,IN
2559,cust_2559,US
2560,cust_2560,IN
2561,cust_2561,GB
2562,cust_2562,DE
2563,cust_2563,US
2564,cust_2564,US
2565,cust_2565,IN
2566,cust_2566,IN
2567,cust_2567,US
2568,cust_2568,IN
2569,cust_2569,GB
2570,cust_2570,CA
2571,cust_2571,IN
2572,cust_2572,CA
2573,cust_2573,IN
2574,cust_2574,IN
2575,cust_2575,US
2576,cust_2576,DE
2577,cust_2577,CA
2578,cust_2578,DE
2579,cust_2579,IN
2580,cust_2580,DE
2581,cust_2581,US
2582,cust_2582,GB
2583,cust_2583,IN
2584,cust_2584,IN
2585,cust_2585,IN
2586,cust_2586,DE
2587,cust_2587,US
2588,cust_2588,DE
2589,cust_2589,US
2590,cust_2590,DE
2591,cust_2591,GB
2592,cust_2592,GB
2593,cust_2593,IN
2594,cust_2594,IN
2595,cust_2595,US
2596,cust_2596,GB
2597,cust_2597,IN
2598,cust_2598,IN
2599,cust_2599,IN
2600,cust_2600,US
2601,cust_2601,DE
2602,cust_2602,US
2603,cust_2603,DE
2604,cust_2604,IN
2605,cust_2605,US
2606,cust_2606,IN
2607,cust_2607,US
2608,cust_2608,IN
2609,cust_2609,DE
2610,cust_2610,US
2611,cust_2611,GB
2612,cust_2612,US
2613,cust_2613,US
2614,cust_2614,DE
2615,cust_2615,IN
2616,cust_2616,US
2617,cust_2617,IN
2618,cust_2618,IN
2619,cust_2619,GB
2620,cust_2620,IN
2621,cust_2621,GB
2622,cust_2622,GB
2623,cust_2623,IN
2624,cust_2624,CA
2625,cust_2625,IN
2626,cust_2626,CA
2627,cust_2627,US
2628,cust_2628,DE
2629,cust_2629,IN
2630,cust_2630,IN
2631,cust_2631,DE
2632,cust_2632,DE
2633,cust_2633,US
2634,cust_2634,US
2635,cust_2635,DE
2636,cust_2636,DE
2637,cust_2637,CA
2638,cust_2638,GB
2639,cust_2639,CA
2640,cust_2640,DE
2641,cust_2641,IN
2642,cust_2642,US
2643,cust_2643,GB
2644,cust_2644,DE
2645,cust_2645,US
2646,cust_2646,IN
2647,cust_2647,CA
2648,cust_2648,IN
2649,cust_2649,IN
2650,cust_2650,IN
2651,cust_2651,US
2652,cust_2652,IN
2653,cust_2653,IN
2654,cust_2654,US
2655,cust_2655,GB
2656,cust_2656,IN
2657,cust_2657,GB
2658,cust_2658,GB
2659,cust_2659,US
2660,cust_2660,DE
2661,cust_2661,IN
2662,cust_2662,GB
2663,cust_2663,US
2664,cust_2664,DE
2665,cust_2665,DE
2666,cust_2666,IN
2667,cust_2667,US
2668,cust_2668,DE
2669,cust_2669,DE
2670,cust_2670,IN
2671,cust_2671,DE
2672,cust_2672,IN
2673,cust_2673,DE
2674,cust_2674,US
2675,cust_2675,GB
2676,cust_2676,IN
2677,cust_2677,IN
2678,cust_2678,US
2679,cust_2679,US
2680,cust_2680,IN
2681,cust_2681,IN
2682,cust_2682,GB
2683,cust_2683,US
2684,cust_2684,IN
2685,cust_2685,IN
2686,cust_2686,US
2687,cust_2687,US
2688,cust_2688,IN
2689,cust_2689,IN
2690,cust_2690,IN
2691,cust_2691,IN
2692,cust_2692,IN
2693,cust_2693,US
2694,cust_2694,IN
2695,cust_2695,CA
2696,cust_2696,IN
2697,cust_2697,DE
2698,cust_2698,IN
2699,cust_2699,GB
2700,cust_2700,GB
2701,cust_2701,IN
2702,cust_2702,CA
2703,cust_2703,US
2704,cust_2704,US
2705,cust_2705,GB
2706,cust_2706,GB
2707,cust_2707,US
2708,cust_2708,IN
2709,cust_2709,US
2710,cust_2710,IN
2711,cust_2711,GB
2712,cust_2712,IN
2713,cust_2713,IN
2714,cust_2714,IN
2715,cust_2715,US
2716,cust_2716,IN
2717,cust_2717,DE
2718,cust_2718,CA
2719,cust_2719,GB
2720,cust_2720,US
2721,cust_2721,GB
2722,cust_2722,GB
2723,cust_2723,GB
2724,cust_2724,IN
2725,cust_2725,IN
2726,cust_2726,IN
2727,cust_2727,US
2728,cust_2728,US
2729,cust_2729,US
2730,cust_2730,IN
2731,cust_2731,DE
2732,cust_2732,IN
2733,cust_2733,US
2734,cust_2734,CA
2735,cust_2735,CA
2736,cust_2736,GB
2737,cust_2737,CA
2738,cust_2738,IN
2739,cust_2739,CA
2740,cust_2740,US
2741,cust_2741,IN
2742,cust_2742,US
2743,cust_2743,US
2744,cust_2744,US
2745,cust_2745,DE
2746,cust_2746,GB
2747,cust_2747,IN
2748,cust_2748,US
2749,cust_2749,GB
2750,cust_2750,DE
2751,cust_2751,IN
2752,cust_2752,DE
2753,cust_2753,IN
2754,cust_2754,IN
2755,cust_2755,CA
2756,cust_2756,IN
2757,cust_2757,IN
2758,cust_2758,GB
2759,cust_2759,DE
2760,cust_2760,US
2761,cust_2761,US
2762,cust_2762,US
2763,cust_2763,DE
2764,cust_2764,IN
2765,cust_2765,US
2766,cust_2766,CA
2767,cust_2767,IN
2768,cust_2768,US
2769,cust_2769,IN
2770,cust_2770,DE
2771,cust_2771,US
2772,cust_2772,IN
2773,cust_2773,GB
2774,cust_2774,IN
2775,cust_2775,IN
2776,cust_2776,IN
2777,cust_2777,US
2778,cust_2778,US
2779,cust_2779,IN
2780,cust_2780,US
2781,cust_2781,US
2782,cust_2782,GB
2783,cust_2783,CA
2784,cust_2784,GB
2785,cust_2785,GB
2786,cust_2786,US
2787,cust_2787,CA
2788,cust_2788,US
2789,cust_2789,CA
2790,cust_2790,CA
2791,cust_2791,DE
2792,cust_2792,CA
2793,cust_2793,IN
2794,cust_2794,IN
2795,cust_2795,IN
2796,cust_2796,IN
2797,cust_2797,US
2798,cust_2798,DE
2799,cust_2799,CA
2800,cust_2800,US
2801,cust_2801,GB
2802,cust_2802,CA
2803,cust_2803,CA
2804,cust_2804,CA
2805,cust_2805,IN
2806,cust_2806,CA
2807,cust_2807,GB
2808,cust_2808,US
2809,cust_2809,IN
2810,cust_2810,DE
2811,cust_2811,US
2812,cust_2812,DE
2813,cust_2813,DE
2814,cust_2814,US
2815,cust_2815,IN
2816,cust_2816,GB
2817,cust_2817,IN
2818,cust_2818,US
2819,cust_2819,US
2820,cust_2820,IN
2821,cust_2821,CA
2822,cust_2822,US
2823,cust_2823,DE
2824,cust_2824,US
2825,cust_2825,IN
2826,cust_2826,GB
2827,cust_2827,DE
2828,cust_2828,US
2829,cust_2829,IN
2830,cust_2830,US
2831,cust_2831,IN
2832,cust_2832,DE
2833,cust_2833,US
2834,cust_2834,IN
2835,cust_2835,IN
2836,cust_2836,CA
2837,cust_2837,CA
2838,cust_2838,US
2839,cust_2839,GB
2840,cust_2840,IN
2841,cust_2841,IN
2842,cust_2842,GB
2843,cust_2843,CA
2844,cust_2844,CA
2845,cust_2845,IN
2846,cust_2846,IN
2847,cust_2847,GB
2848,cust_2848,IN
2849,cust_2849,IN
2850,cust_2850,IN
2851,cust_2851,DE
2852,cust_2852,US
2853,cust_2853,US
2854,cust_2854,CA
2855,cust_2855,US
2856,cust_2856,IN
2857,cust_2857,US
2858,cust_2858,US
2859,cust_2859,US
2860,cust_2860,US
2861,cust_2861,GB
2862,cust_2862,IN
2863,cust_2863,CA
2864,cust_2864,IN
2865,cust_2865,IN
2866,cust_2866,IN
2867,cust_2867,IN
2868,cust_2868,GB
2869,cust_2869,IN
2870,cust_2870,IN
2871,cust_2871,GB
2872,cust_2872,CA
2873,cust_2873,GB
2874,cust_2874,IN
2875,cust_2875,GB
2876,cust_2876,IN
2877,cust_2877,IN
2878,cust_2878,US
2879,cust_2879,IN
2880,cust_2880,US
2881,cust_2881,IN
2882,cust_2882,GB
2883,cust_2883,US
2884,cust_2884,US
2885,cust_2885,US
2886,cust_2886,CA
2887,cust_2887,IN
2888,cust_2888,IN
2889,cust_2889,GB
2890,cust_2890,GB
2891,cust_2891,IN
2892,cust_2892,DE
2893,cust_2893,GB
2894,cust_2894,DE
2895,cust_2895,US
2896,cust_2896,GB
2897,cust_2897,IN
2898,cust_2898,IN
2899,cust_2899,IN
2900,cust_2900,US
2901,cust_2901,US
2902,cust_2902,GB
2903,cust_2903,US
2904,cust_2904,IN
2905,cust_2905,IN
2906,cust_2906,US
2907,cust_2907,CA
2908,cust_2908,US
2909,cust_2909,IN
2910,cust_2910,IN
2911,cust_2911,US
2912,cust_2912,US
2913,cust_2913,DE
2914,cust_2914,CA
2915,cust_2915,US
2916,cust_2916,DE
2917,cust_2917,DE
2918,cust_2918,GB
2919,cust_2919,IN
2920,cust_2920,IN
2921,cust_2921,IN
2922,cust_2922,DE
2923,cust_2923,GB
2924,cust_2924,US
2925,cust_2925,IN
2926,cust_2926,CA
2927,cust_2927,GB
2928,cust_2928,CA
2929,cust_2929,GB
2930,cust_2930,IN
2931,cust_2931,IN
2932,cust_2932,DE
2933,cust_2933,US
2934,cust_2934,IN
2935,cust_2935,DE
2936,cust_2936,US
2937,cust_2937,GB
2938,cust_2938,IN
2939,cust_2939,CA
2940,cust_2940,US
2941,cust_2941,IN
2942,cust_2942,DE
2943,cust_2943,IN
2944,cust_2944,DE
2945,cust_2945,GB
2946,cust_2946,US
2947,cust_2947,IN
2948,cust_2948,IN
2949,cust_2949,IN
2950,cust_2950,CA
2951,cust_2951,GB
2952,cust_2952,DE
2953,cust_2953,DE
2954,cust_2954,IN
2955,cust_2955,CA
2956,cust_2956,DE
2957,cust_2957,DE
2958,cust_2958,GB
2959,cust_2959,IN
2960,cust_2960,GB
2961,cust_2961,US
2962,cust_2962,IN
2963,cust_2963,IN
2964,cust_2964,CA
2965,cust_2965,GB
2966,cust_2966,DE
2967,cust_2967,DE
2968,cust_2968,IN
2969,cust_2969,CA
2970,cust_2970,IN
2971,cust_2971,IN
2972,cust_2972,US
2973,cust_2973,GB
2974,cust_2974,DE
2975,cust_2975,IN
2976,cust_2976,US
2977,cust_2977,GB
2978,cust_2978,US
2979,cust_2979,DE
2980,cust_2980,CA
2981,cust_2981,IN
2982,cust_2982,US
2983,cust_2983,DE
2984,cust_2984,GB
2985,cust_2985,IN
2986,cust_2986,CA
2987,cust_2987,US
2988,cust_2988,IN
2989,cust_2989,DE
2990,cust_2990,GB
2991,cust_2991,US
2992,cust_2992,GB
2993,cust_2993,IN
2994,cust_2994,IN
2995,cust_2995,US
2996,cust_2996,GB
2997,cust_2997,US
2998,cust_2998,IN
2999,cust_2999,IN
3000,cust_3000,GB
3001,cust_3001,DE
3002,cust_3002,GB
3003,cust_3003,IN
3004,cust_3004,DE
3005,cust_3005,IN
3006,cust_3006,GB
3007,cust_3007,CA
3008,cust_3008,US
3009,cust_3009,DE
3010,cust_3010,US
3011,cust_3011,IN
3012,cust_3012,IN
3013,cust_3013,IN
3014,cust_3014,IN
3015,cust_3015,DE
3016,cust_3016,IN
3017,cust_3017,DE
3018,cust_3018,IN
3019,cust_3019,US
3020,cust_3020,GB
3021,cust_3021,IN
3022,cust_3022,IN
3023,cust_3023,DE
3024,cust_3024,IN
3025,cust_3025,US
3026,cust_3026,IN
3027,cust_3027,CA
3028,cust_3028,DE
3029,cust_3029,DE
3030,cust_3030,DE
3031,cust_3031,US
3032,cust_3032,IN
3033,cust_3033,GB
3034,cust_3034,US
3035,cust_3035,IN
3036,cust_3036,IN
3037,cust_3037,IN
3038,cust_3038,CA
3039,cust_3039,US
3040,cust_3040,IN
3041,cust_3041,US
3042,cust_3042,CA
3043,cust_3043,US
3044,cust_3044,IN
3045,cust_3045,DE
3046,cust_3046,DE
3047,cust_3047,IN
3048,cust_3048,IN
3049,cust_3049,IN
3050,cust_3050,IN
3051,cust_3051,US
3052,cust_3052,IN
3053,cust_3053,IN
3054,cust_3054,IN
3055,cust_3055,DE
3056,cust_3056,CA
3057,cust_3057,DE
3058,cust_3058,US
3059,cust_3059,US
3060,cust_3060,CA
3061,cust_3061,IN
3062,cust_3062,US
3063,cust_3063,IN
3064,cust_3064,DE
3065,cust_3065,DE
3066,cust_3066,IN
3067,cust_3067,US
3068,cust_3068,CA
3069,cust_3069,IN
3070,cust_3070,DE
3071,cust_3071,DE
3072,cust_3072,DE
3073,cust_3073,IN
3074,cust_3074,IN
3075,cust_3075,IN
3076,cust_3076,GB
3077,cust_3077,CA
3078,cust_3078,US
3079,cust_3079,US
3080,cust_3080,CA
3081,cust_3081,DE
3082,cust_3082,GB
3083,cust_3083,US
3084,cust_3084,IN
3085,cust_3085,DE
3086,cust_3086,DE
3087,cust_3087,IN
3088,cust_3088,US
3089,cust_3089,IN
3090,cust_3090,IN
3091,cust_3091,IN
3092,cust_3092,CA
3093,cust_3093,IN
3094,cust_3094,GB
3095,cust_3095,US
3096,cust_3096,DE
3097,cust_3097,CA
3098,cust_3098,US
3099,cust_3099,US
3100,cust_3100,IN
3101,cust_3101,US
3102,cust_3102,DE
3103,cust_3103,CA
3104,cust_3104,IN
3105,cust_3105,IN
3106,cust_3106,IN
3107,cust_3107,DE
3108,cust_3108,US
3109,cust_3109,IN
3110,cust_3110,DE
3111,cust_3111,DE
3112,cust_3112,US
3113,cust_3113,DE
3114,cust_3114,US
3115,cust_3115,US
3116,cust_3116,GB
3117,cust_3117,DE
3118,cust_3118,US
3119,cust_3119,US
3120,cust_3120,US
3121,cust_3121,IN
3122,cust_3122,US
3123,cust_3123,US
3124,cust_3124,IN
3125,cust_3125,DE
3126,cust_3126,DE
3127,cust_3127,DE
3128,cust_3128,US
3129,cust_3129,CA
3130,cust_3130,GB
3131,cust_3131,GB
3132,cust_3132,GB
3133,cust_3133,CA
3134,cust_3134,IN
3135,cust_3135,US
3136,cust_3136,DE
3137,cust_3137,DE
3138,cust_3138,DE
3139,cust_3139,IN
3140,cust_3140,US
3141,cust_3141,IN
3142,cust_3142,CA
3143,cust_3143,IN
3144,cust_3144,IN
3145,cust_3145,IN
3146,cust_3146,IN
3147,cust_3147,GB
3148,cust_3148,DE
3149,cust_3149,GB
3150,cust_3150,IN
3151,cust_3151,DE
3152,cust_3152,US
3153,cust_3153,DE
3154,cust_3154,IN
3155,cust_3155,IN
3156,cust_3156,DE
3157,cust_3157,CA
3158,cust_3158,US
3159,cust_3159,GB
3160,cust_3160,IN
3161,cust_3161,IN
3162,cust_3162,US
3163,cust_3163,IN
3164,cust_3164,IN
3165,cust_3165,US
3166,cust_3166,IN
3167,cust_3167,CA
3168,cust_3168,US
3169,cust_3169,GB
3170,cust_3170,IN
3171,cust_3171,DE
3172,cust_3172,IN
3173,cust_3173,US
3174,cust_3174,US
3175,cust_3175,US
3176,cust_3176,US
3177,cust_3177,DE
3178,cust_3178,GB
3179,cust_3179,GB
3180,cust_3180,DE
3181,cust_3181,US
3182,cust_3182,IN
3183,cust_3183,IN
3184,cust_3184,US
3185,cust_3185,IN
3186,cust_3186,IN
3187,cust_3187,IN
3188,cust_3188,IN
3189,cust_3189,GB
3190,cust_3190,GB
3191,cust_3191,IN
3192,cust_3192,CA
3193,cust_3193,CA
3194,cust_3194,IN
3195,cust_3195,IN
3196,cust_3196,IN
3197,cust_3197,CA
3198,cust_3198,GB
3199,cust_3199,US
3200,cust_3200,IN
3201,cust_3201,IN
3202,cust_3202,IN
3203,cust_3203,US
3204,cust_3204,GB
3205,cust_3205,DE
3206,cust_3206,GB
3207,cust_3207,GB
3208,cust_3208,DE
3209,cust_3209,IN
3210,cust_3210,DE
3211,cust_3211,US
3212,cust_3212,DE
3213,cust_3213,US
3214,cust_3214,DE
3215,cust_3215,US
3216,cust_3216,US
3217,cust_3217,US
3218,cust_3218,US
3219,cust_3219,DE
3220,cust_3220,DE
3221,cust_3221,IN
3222,cust_3222,US
3223,cust_3223,US
3224,cust_3224,US
3225,cust_3225,US
3226,cust_3226,GB
3227,cust_3227,US
3228,cust_3228,IN
3229,cust_3229,US
3230,cust_3230,US
3231,cust_3231,IN
3232,cust_3232,DE
3233,cust_3233,US
3234,cust_3234,US
3235,cust_3235,IN
3236,cust_3236,US
3237,cust_3237,US
3238,cust_3238,CA
3239,cust_3239,DE
3240,cust_3240,IN
3241,cust_3241,IN
3242,cust_3242,IN
3243,cust_3243,IN
3244,cust_3244,DE
3245,cust_3245,DE
3246,cust_3246,US
3247,cust_3247,IN
3248,cust_3248,IN
3249,cust_3249,GB
3250,cust_3250,DE
3251,cust_3251,IN
3252,cust_3252,US
3253,cust_3253,DE
3254,cust_3254,US
3255,cust_3255,IN
3256,cust_3256,US
3257,cust_3257,DE
3258,cust_3258,US
3259,cust_3259,IN
3260,cust_3260,GB
3261,cust_3261,US
3262,cust_3262,IN
3263,cust_3263,IN
3264,cust_3264,US
3265,cust_3265,GB
3266,cust_3266,US
3267,cust_3267,IN
3268,cust_3268,IN
3269,cust_3269,DE
3270,cust_3270,DE
3271,cust_3271,IN
3272,cust_3272,US
3273,cust_3273,DE
3274,cust_3274,IN
3275,cust_3275,GB
3276,cust_3276,GB
3277,cust_3277,GB
3278,cust_3278,IN
3279,cust_3279,IN
3280,cust_3280,GB
3281,cust_3281,IN
3282,cust_3282,US
3283,cust_3283,GB
3284,cust_3284,GB
3285,cust_3285,IN
3286,cust_3286,US
3287,cust_3287,IN
3288,cust_3288,GB
3289,cust_3289,CA
3290,cust_3290,US
3291,cust_3291,US
3292,cust_3292,GB
3293,cust_3293,IN
3294,cust_3294,IN
3295,cust_3295,CA
3296,cust_3296,US
3297,cust_3297,DE
3298,cust_3298,US
3299,cust_3299,IN
3300,cust_3300,GB
3301,cust_3301,IN
3302,cust_3302,CA
3303,cust_3303,IN
3304,cust_3304,IN
3305,cust_3305,US
3306,cust_3306,IN
3307,cust_3307,IN
3308,cust_3308,US
3309,cust_3309,IN
3310,cust_3310,IN
3311,cust_3311,DE
3312,cust_3312,DE
3313,cust_3313,DE
3314,cust_3314,US
3315,cust_3315,US
3316,cust_3316,DE
3317,cust_3317,IN
3318,cust_3318,US
3319,cust_3319,GB
3320,cust_3320,GB
3321,cust_3321,IN
3322,cust_3322,US
3323,cust_3323,GB
3324,cust_3324,IN
3325,cust_3325,GB
3326,cust_3326,GB
3327,cust_3327,GB
3328,cust_3328,IN
3329,cust_3329,US
3330,cust_3330,DE
3331,cust_3331,DE
3332,cust_3332,DE
3333,cust_3333,US
3334,cust_3334,US
3335,cust_3335,GB
3336,cust_3336,DE
3337,cust_3337,CA
3338,cust_3338,GB
3339,cust_3339,IN
3340,cust_3340,DE
3341,cust_3341,GB
3342,cust_3342,IN
3343,cust_3343,DE
3344,cust_3344,US
3345,cust_3345,IN
3346,cust_3346,DE
3347,cust_3347,IN
3348,cust_3348,US
3349,cust_3349,IN
3350,cust_3350,US
3351,cust_3351,US
3352,cust_3352,IN
3353,cust_3353,CA
3354,cust_3354,IN
3355,cust_3355,US
3356,cust_3356,US
3357,cust_3357,DE
3358,cust_3358,IN
3359,cust_3359,GB
3360,cust_3360,DE
3361,cust_3361,GB
3362,cust_3362,IN
3363,cust_3363,DE
3364,cust_3364,IN
3365,cust_3365,CA
3366,cust_3366,DE
3367,cust_3367,IN
3368,cust_3368,IN
3369,cust_3369,US
3370,cust_3370,DE
3371,cust_3371,US
3372,cust_3372,IN
3373,cust_3373,IN
3374,cust_3374,DE
3375,cust_3375,GB
3376,cust_3376,GB
3377,cust_3377,GB
3378,cust_3378,US
3379,cust_3379,US
3380,cust_3380,DE
3381,cust_3381,IN
3382,cust_3382,IN
3383,cust_3383,US
3384,cust_3384,IN
3385,cust_3385,US
3386,cust_3386,GB
3387,cust_3387,US
3388,cust_3388,IN
3389,cust_3389,US
3390,cust_3390,DE
3391,cust_3391,IN
3392,cust_3392,GB
3393,cust_3393,GB
3394,cust_3394,IN
3395,cust_3395,CA
3396,cust_3396,CA
3397,cust_3397,GB
3398,cust_3398,GB
3399,cust_3399,US
3400,cust_3400,IN
3401,cust_3401,US
3402,cust_3402,US
3403,cust_3403,CA
3404,cust_3404,IN
3405,cust_3405,DE
3406,cust_3406,GB
3407,cust_3407,GB
3408,cust_3408,CA
3409,cust_3409,US
3410,cust_3410,US
3411,cust_3411,IN
3412,cust_3412,US
3413,cust_3413,US
3414,cust_3414,IN
3415,cust_3415,GB
3416,cust_3416,IN
3417,cust_3417,IN
3418,cust_3418,DE
3419,cust_3419,US
3420,cust_3420,US
3421,cust_3421,GB
3422,cust_3422,DE
3423,cust_3423,GB
3424,cust_3424,US
3425,cust_3425,GB
3426,cust_3426,DE
3427,cust_3427,IN
3428,cust_3428,DE
3429,cust_3429,GB
3430,cust_3430,IN
3431,cust_3431,IN
3432,cust_3432,CA
3433,cust_3433,GB
3434,cust_3434,IN
3435,cust_3435,DE
3436,cust_3436,IN
3437,cust_3437,US
3438,cust_3438,IN
3439,cust_3439,CA
3440,cust_3440,CA
3441,cust_3441,IN
3442,cust_3442,IN
3443,cust_3443,US
3444,cust_3444,CA
3445,cust_3445,CA
3446,cust_3446,DE
3447,cust_3447,GB
3448,cust_3448,DE
3449,cust_3449,IN
3450,cust_3450,US
3451,cust_3451,IN
3452,cust_3452,DE
3453,cust_3453,DE
3454,cust_3454,IN
3455,cust_3455,CA
3456,cust_3456,US
3457,cust_3457,IN
3458,cust_3458,DE
3459,cust_3459,DE
3460,cust_3460,DE
3461,cust_3461,IN
3462,cust_3462,US
3463,cust_3463,DE
3464,cust_3464,IN
3465,cust_3465,US
3466,cust_3466,DE
3467,cust_3467,IN
3468,cust_3468,DE
3469,cust_3469,GB
3470,cust_3470,US
3471,cust_3471,US
3472,cust_3472,GB
3473,cust_3473,DE
3474,cust_3474,DE
3475,cust_3475,GB
3476,cust_3476,GB
3477,cust_3477,CA
3478,cust_3478,IN
3479,cust_3479,IN
3480,cust_3480,IN
3481,cust_3481,US
3482,cust_3482,IN
3483,cust_3483,IN
3484,cust_3484,CA
3485,cust_3485,IN
3486,cust_3486,IN
3487,cust_3487,IN
3488,cust_3488,US
3489,cust_3489,US
3490,cust_3490,IN
3491,cust_3491,US
3492,cust_3492,DE
3493,cust_3493,GB
3494,cust_3494,GB
3495,cust_3495,DE
3496,cust_3496,US
3497,cust_3497,GB
3498,cust_3498,GB
3499,cust_3499,US
3500,cust_3500,DE
3501,cust_3501,IN
3502,cust_3502,GB
3503,cust_3503,CA
3504,cust_3504,US
3505,cust_3505,GB
3506,cust_3506,DE
3507,cust_3507,CA
3508,cust_3508,IN
3509,cust_3509,GB
3510,cust_3510,US
3511,cust_3511,IN
3512,cust_3512,US
3513,cust_3513,CA
3514,cust_3514,GB
3515,cust_3515,GB
3516,cust_3516,CA
3517,cust_3517,US
3518,cust_3518,IN
3519,cust_3519,US
3520,cust_3520,US
3521,cust_3521,US
3522,cust_3522,IN
3523,cust_3523,IN
3524,cust_3524,US
3525,cust_3525,US
3526,cust_3526,US
3527,cust_3527,CA
3528,cust_3528,GB
3529,cust_3529,CA
3530,cust_3530,IN
3531,cust_3531,IN
3532,cust_3532,GB
3533,cust_3533,IN
3534,cust_3534,IN
3535,cust_3535,US
3536,cust_3536,US
3537,cust_3537,IN
3538,cust_3538,IN
3539,cust_3539,DE
3540,cust_3540,US
3541,cust_3541,US
3542,cust_3542,GB
3543,cust_3543,US
3544,cust_3544,IN
3545,cust_3545,GB
3546,cust_3546,US
3547,cust_3547,US
3548,cust_3548,IN
3549,cust_3549,IN
3550,cust_3550,IN
3551,cust_3551,GB
3552,cust_3552,US
3553,cust_3553,IN
3554,cust_3554,IN
3555,cust_3555,US
3556,cust_3556,DE
3557,cust_3557,IN
3558,cust_3558,IN
3559,cust_3559,US
3560,cust_3560,IN
3561,cust_3561,IN
3562,cust_3562,GB
3563,cust_3563,US
3564,cust_3564,IN
3565,cust_3565,IN
3566,cust_3566,DE
3567,cust_3567,IN
3568,cust_3568,DE
3569,cust_3569,GB
3570,cust_3570,GB
3571,cust_3571,IN
3572,cust_3572,IN
3573,cust_3573,GB
3574,cust_3574,CA
3575,cust_3575,GB
3576,cust_3576,IN
3577,cust_3577,US
3578,cust_3578,IN
3579,cust_3579,DE
3580,cust_3580,IN
3581,cust_3581,IN
3582,cust_3582,GB
3583,cust_3583,IN
3584,cust_3584,GB
3585,cust_3585,IN
3586,cust_3586,IN
3587,cust_3587,IN
3588,cust_3588,GB
3589,cust_3589,US
3590,cust_3590,US
3591,cust_3591,CA
3592,cust_3592,US
3593,cust_3593,IN
3594,cust_3594,IN
3595,cust_3595,IN
3596,cust_3596,DE
3597,cust_3597,US
3598,cust_3598,IN
3599,cust_3599,IN
3600,cust_3600,DE
3601,cust_3601,US
3602,cust_3602,IN
3603,cust_3603,US
3604,cust_3604,IN
3605,cust_3605,US
3606,cust_3606,US
3607,cust_3607,GB
3608,cust_3608,IN
3609,cust_3609,CA
3610,cust_3610,CA
3611,cust_3611,IN
3612,cust_3612,US
3613,cust_3613,IN
3614,cust_3614,GB
3615,cust_3615,IN
3616,cust_3616,US
3617,cust_3617,IN
3618,cust_3618,GB
3619,cust_3619,GB
3620,cust_3620,US
3621,cust_3621,DE
3622,cust_3622,US
3623,cust_3623,US
3624,cust_3624,GB
3625,cust_3625,US
3626,cust_3626,IN
3627,cust_3627,US
3628,cust_3628,GB
3629,cust_3629,GB
3630,cust_3630,DE
3631,cust_3631,GB
3632,cust_3632,US
3633,cust_3633,IN
3634,cust_3634,IN
3635,cust_3635,US
3636,cust_3636,IN
3637,cust_3637,CA
3638,cust_3638,US
3639,cust_3639,IN
3640,cust_3640,US
3641,cust_3641,US
3642,cust_3642,CA
3643,cust_3643,IN
3644,cust_3644,IN
3645,cust_3645,GB
3646,cust_3646,US
3647,cust_3647,IN
3648,cust_3648,IN
3649,cust_3649,IN
3650,cust_3650,CA
3651,cust_3651,GB
3652,cust_3652,IN
3653,cust_3653,GB
3654,cust_3654,US
3655,cust_3655,US
3656,cust_3656,US
3657,cust_3657,IN
3658,cust_3658,IN
3659,cust_3659,DE
3660,cust_3660,CA
3661,cust_3661,IN
3662,cust_3662,IN
3663,cust_3663,US
3664,cust_3664,US
3665,cust_3665,IN
3666,cust_3666,IN
3667,cust_3667,GB
3668,cust_3668,US
3669,cust_3669,US
3670,cust_3670,IN
3671,cust_3671,US
3672,cust_3672,US
3673,cust_3673,DE
3674,cust_3674,US
3675,cust_3675,DE
3676,cust_3676,IN
3677,cust_3677,US
3678,cust_3678,IN
3679,cust_3679,GB
3680,cust_3680,IN
3681,cust_3681,GB
3682,cust_3682,US
3683,cust_3683,GB
3684,cust_3684,US
3685,cust_3685,DE
3686,cust_3686,IN
3687,cust_3687,CA
3688,cust_3688,IN
3689,cust_3689,US
3690,cust_3690,US
3691,cust_3691,GB
3692,cust_3692,IN
3693,cust_3693,GB
3694,cust_3694,US
3695,cust_3695,IN
3696,cust_3696,US
3697,cust_3697,CA
3698,cust_3698,DE
3699,cust_3699,CA
3700,cust_3700,IN
3701,cust_3701,DE
3702,cust_3702,DE
3703,cust_3703,IN
3704,cust_3704,GB
3705,cust_3705,CA
3706,cust_3706,GB
3707,cust_3707,DE
3708,cust_3708,IN
3709,cust_3709,IN
3710,cust_3710,CA
3711,cust_3711,US
3712,cust_3712,DE
3713,cust_3713,DE
3714,cust_3714,DE
3715,cust_3715,CA
3716,cust_3716,IN
3717,cust_3717,IN
3718,cust_3718,US
3719,cust_3719,IN
3720,cust_3720,IN
3721,cust_3721,IN
3722,cust_3722,GB
3723,cust_3723,CA
3724,cust_3724,US
3725,cust_3725,IN
3726,cust_3726,CA
3727,cust_3727,US
3728,cust_3728,US
3729,cust_3729,US
3730,cust_3730,IN
3731,cust_3731,US
3732,cust_3732,CA
3733,cust_3733,IN
3734,cust_3734,IN
3735,cust_3735,US
3736,cust_3736,IN
3737,cust_3737,DE
3738,cust_3738,GB
3739,cust_3739,GB
3740,cust_3740,IN
3741,cust_3741,CA
3742,cust_3742,GB
3743,cust_3743,GB
3744,cust_3744,US
3745,cust_3745,US
3746,cust_3746,US
3747,cust_3747,DE
3748,cust_3748,IN
3749,cust_3749,IN
3750,cust_3750,GB
3751,cust_3751,GB
3752,cust_3752,CA
3753,cust_3753,IN
3754,cust_3754,DE
3755,cust_3755,IN
3756,cust_3756,US
3757,cust_3757,US
3758,cust_3758,IN
3759,cust_3759,IN
3760,cust_3760,GB
3761,cust_3761,US
3762,cust_3762,DE
3763,cust_3763,IN
3764,cust_3764,IN
3765,cust_3765,IN
3766,cust_3766,IN
3767,cust_3767,IN
3768,cust_3768,IN
3769,cust_3769,US
3770,cust_3770,US
3771,cust_3771,IN
3772,cust_3772,CA
3773,cust_3773,IN
3774,cust_3774,DE
3775,cust_3775,DE
3776,cust_3776,CA
3777,cust_3777,GB
3778,cust_3778,IN
3779,cust_3779,DE
3780,cust_3780,GB
3781,cust_3781,IN
3782,cust_3782,IN
3783,cust_3783,US
3784,cust_3784,GB
3785,cust_3785,GB
3786,cust_3786,US
3787,cust_3787,IN
3788,cust_3788,IN
3789,cust_3789,US
3790,cust_3790,CA
3791,cust_3791,US
3792,cust_3792,US
3793,cust_3793,IN
3794,cust_3794,DE
3795,cust_3795,US
3796,cust_3796,DE
3797,cust_3797,IN
3798,cust_3798,US
3799,cust_3799,US
3800,cust_3800,IN
3801,cust_3801,IN
3802,cust_3802,CA
3803,cust_3803,GB
3804,cust_3804,CA
3805,cust_3805,IN
3806,cust_3806,CA
3807,cust_3807,IN
3808,cust_3808,IN
3809,cust_3809,US
3810,cust_3810,US
3811,cust_3811,DE
3812,cust_3812,IN
3813,cust_3813,US
3814,cust_3814,DE
3815,cust_3815,IN
3816,cust_3816,IN
3817,cust_3817,IN
3818,cust_3818,GB
3819,cust_3819,GB
3820,cust_3820,IN
3821,cust_3821,IN
3822,cust_3822,IN
3823,cust_3823,GB
3824,cust_3824,IN
3825,cust_3825,US
3826,cust_3826,US
3827,cust_3827,IN
3828,cust_3828,IN
3829,cust_3829,GB
3830,cust_3830,US
3831,cust_3831,IN
3832,cust_3832,GB
3833,cust_3833,GB
3834,cust_3834,IN
3835,cust_3835,IN
3836,cust_3836,IN
3837,cust_3837,CA
3838,cust_3838,US
3839,cust_3839,CA
3840,cust_3840,DE
3841,cust_3841,IN
3842,cust_3842,US
3843,cust_3843,IN
3844,cust_3844,IN
3845,cust_3845,US
3846,cust_3846,DE
3847,cust_3847,CA
3848,cust_3848,IN
3849,cust_3849,DE
3850,cust_3850,US
3851,cust_3851,IN
3852,cust_3852,US
3853,cust_3853,DE
3854,cust_3854,CA
3855,cust_3855,DE
3856,cust_3856,US
3857,cust_3857,IN
3858,cust_3858,IN
3859,cust_3859,IN
3860,cust_3860,GB
3861,cust_3861,GB
3862,cust_3862,DE
3863,cust_3863,IN
3864,cust_3864,IN
3865,cust_3865,US
3866,cust_3866,IN
3867,cust_3867,IN
3868,cust_3868,DE
3869,cust_3869,DE
3870,cust_3870,US
3871,cust_3871,IN
3872,cust_3872,US
3873,cust_3873,US
3874,cust_3874,GB
3875,cust_3875,US
3876,cust_3876,IN
3877,cust_3877,US
3878,cust_3878,GB
3879,cust_3879,IN
3880,cust_3880,US
3881,cust_3881,IN
3882,cust_3882,DE
3883,cust_3883,CA
3884,cust_3884,US
3885,cust_3885,GB
3886,cust_3886,CA
3887,cust_3887,CA
3888,cust_3888,DE
3889,cust_3889,DE
3890,cust_3890,IN
3891,cust_3891,GB
3892,cust_3892,IN
3893,cust_3893,DE
3894,cust_3894,IN
3895,cust_3895,DE
3896,cust_3896,GB
3897,cust_3897,US
3898,cust_3898,GB
3899,cust_3899,IN
3900,cust_3900,GB
3901,cust_3901,IN
3902,cust_3902,IN
3903,cust_3903,CA
3904,cust_3904,IN
3905,cust_3905,GB
3906,cust_3906,IN
3907,cust_3907,IN
3908,cust_3908,IN
3909,cust_3909,IN
3910,cust_3910,IN
3911,cust_3911,US
3912,cust_3912,IN
3913,cust_3913,US
3914,cust_3914,CA
3915,cust_3915,CA
3916,cust_3916,IN
3917,cust_3917,DE
3918,cust_3918,IN
3919,cust_3919,DE
3920,cust_3920,GB
3921,cust_3921,CA
3922,cust_3922,IN
3923,cust_3923,GB
3924,cust_3924,IN
3925,cust_3925,CA
3926,cust_3926,US
3927,cust_3927,DE
3928,cust_3928,DE
3929,cust_3929,DE
3930,cust_3930,US
3931,cust_3931,CA
3932,cust_3932,US
3933,cust_3933,DE
3934,cust_3934,US
3935,cust_3935,IN
3936,cust_3936,IN
3937,cust_3937,IN
3938,cust_3938,US
3939,cust_3939,US
3940,cust_3940,IN
3941,cust_3941,GB
3942,cust_3942,GB
3943,cust_3943,US
3944,cust_3944,IN
3945,cust_3945,US
3946,cust_3946,US
3947,cust_3947,DE
3948,cust_3948,DE
3949,cust_3949,US
3950,cust_3950,US
3951,cust_3951,US
3952,cust_3952,GB
3953,cust_3953,CA
3954,cust_3954,US
3955,cust_3955,US
3956,cust_3956,GB
3957,cust_3957,CA
3958,cust_3958,IN
3959,cust_3959,US
3960,cust_3960,US
3961,cust_3961,IN
3962,cust_3962,IN
3963,cust_3963,US
3964,cust_3964,IN
3965,cust_3965,US
3966,cust_3966,GB
3967,cust_3967,IN
3968,cust_3968,US
3969,cust_3969,IN
3970,cust_3970,IN
3971,cust_3971,CA
3972,cust_3972,IN
3973,cust_3973,IN
3974,cust_3974,DE
3975,cust_3975,IN
3976,cust_3976,CA
3977,cust_3977,IN
3978,cust_3978,IN
3979,cust_3979,US
3980,cust_3980,IN
3981,cust_3981,GB
3982,cust_3982,GB
3983,cust_3983,US
3984,cust_3984,US
3985,cust_3985,GB
3986,cust_3986,CA
3987,cust_3987,US
3988,cust_3988,IN
3989,cust_3989,IN
3990,cust_3990,GB
3991,cust_3991,US
3992,cust_3992,US
3993,cust_3993,GB
3994,cust_3994,US
3995,cust_3995,IN
3996,cust_3996,IN
3997,cust_3997,IN
3998,cust_3998,IN
3999,cust_3999,IN
4000,cust_4000,US
4001,cust_4001,IN
4002,cust_4002,GB
4003,cust_4003,GB
4004,cust_4004,US
4005,cust_4005,US
4006,cust_4006,IN
4007,cust_4007,IN
4008,cust_4008,IN
4009,cust_4009,DE
4010,cust_4010,US
4011,cust_4011,US
4012,cust_4012,IN
4013,cust_4013,DE
4014,cust_4014,US
4015,cust_4015,DE
4016,cust_4016,IN
4017,cust_4017,GB
4018,cust_4018,GB
4019,cust_4019,IN
4020,cust_4020,US
4021,cust_4021,IN
4022,cust_4022,US
4023,cust_4023,DE
4024,cust_4024,GB
4025,cust_4025,DE
4026,cust_4026,GB
4027,cust_4027,IN
4028,cust_4028,US
4029,cust_4029,DE
4030,cust_4030,IN
4031,cust_4031,DE
4032,cust_4032,IN
4033,cust_4033,US
4034,cust_4034,CA
4035,cust_4035,US
4036,cust_4036,CA
4037,cust_4037,CA
4038,cust_4038,GB
4039,cust_4039,DE
4040,cust_4040,IN
4041,cust_4041,GB
4042,cust_4042,IN
4043,cust_4043,IN
4044,cust_4044,DE
4045,cust_4045,IN
4046,cust_4046,IN
4047,cust_4047,IN
4048,cust_4048,IN
4049,cust_4049,GB
4050,cust_4050,US
4051,cust_4051,CA
4052,cust_4052,DE
4053,cust_4053,GB
4054,cust_4054,IN
4055,cust_4055,GB
4056,cust_4056,US
4057,cust_4057,GB
4058,cust_4058,US
4059,cust_4059,GB
4060,cust_4060,CA
4061,cust_4061,IN
4062,cust_4062,US
4063,cust_4063,GB
4064,cust_4064,IN
4065,cust_4065,GB
4066,cust_4066,US
4067,cust_4067,US
4068,cust_4068,CA
4069,cust_4069,DE
4070,cust_4070,GB
4071,cust_4071,IN
4072,cust_4072,DE
4073,cust_4073,IN
4074,cust_4074,DE
4075,cust_4075,DE
4076,cust_4076,IN
4077,cust_4077,IN
4078,cust_4078,IN
4079,cust_4079,GB
4080,cust_4080,US
4081,cust_4081,DE
4082,cust_4082,US
4083,cust_4083,DE
4084,cust_4084,DE
4085,cust_4085,US
4086,cust_4086,US
4087,cust_4087,US
4088,cust_4088,DE
4089,cust_4089,GB
4090,cust_4090,US
4091,cust_4091,DE
4092,cust_4092,IN
4093,cust_4093,IN
4094,cust_4094,CA
4095,cust_4095,IN
4096,cust_4096,IN
4097,cust_4097,US
4098,cust_4098,US
4099,cust_4099,IN
4100,cust_4100,US
4101,cust_4101,DE
4102,cust_4102,IN
4103,cust_4103,IN
4104,cust_4104,US
4105,cust_4105,IN
4106,cust_4106,DE
4107,cust_4107,CA
4108,cust_4108,US
4109,cust_4109,GB
4110,cust_4110,IN
4111,cust_4111,IN
4112,cust_4112,IN
4113,cust_4113,US
4114,cust_4114,US
4115,cust_4115,DE
4116,cust_4116,IN
4117,cust_4117,CA
4118,cust_4118,IN
4119,cust_4119,US
4120,cust_4120,DE
4121,cust_4121,IN
4122,cust_4122,IN
4123,cust_4123,DE
4124,cust_4124,CA
4125,cust_4125,GB
4126,cust_4126,DE
4127,cust_4127,DE
4128,cust_4128,CA
4129,cust_4129,IN
4130,cust_4130,US
4131,cust_4131,IN
4132,cust_4132,US
4133,cust_4133,DE
4134,cust_4134,DE
4135,cust_4135,IN
4136,cust_4136,US
4137,cust_4137,DE
4138,cust_4138,IN
4139,cust_4139,DE
4140,cust_4140,IN
4141,cust_4141,IN
4142,cust_4142,US
4143,cust_4143,US
4144,cust_4144,GB
4145,cust_4145,CA
4146,cust_4146,DE
4147,cust_4147,US
4148,cust_4148,IN
4149,cust_4149,DE
4150,cust_4150,GB
4151,cust_4151,US
4152,cust_4152,US
4153,cust_4153,DE
4154,cust_4154,IN
4155,cust_4155,IN
4156,cust_4156,US
4157,cust_4157,IN
4158,cust_4158,GB
4159,cust_4159,CA
4160,cust_4160,IN
4161,cust_4161,IN
4162,cust_4162,US
4163,cust_4163,IN
4164,cust_4164,IN
4165,cust_4165,DE
4166,cust_4166,IN
4167,cust_4167,US
4168,cust_4168,US
4169,cust_4169,IN
4170,cust_4170,US
4171,cust_4171,US
4172,cust_4172,CA
4173,cust_4173,IN
4174,cust_4174,IN
4175,cust_4175,GB
4176,cust_4176,CA
4177,cust_4177,IN
4178,cust_4178,GB
4179,cust_4179,IN
4180,cust_4180,IN
4181,cust_4181,IN
4182,cust_4182,DE
4183,cust_4183,DE
4184,cust_4184,IN
4185,cust_4185,US
4186,cust_4186,DE
4187,cust_4187,US
4188,cust_4188,IN
4189,cust_4189,DE
4190,cust_4190,DE
4191,cust_4191,GB
4192,cust_4192,GB
4193,cust_4193,IN
4194,cust_4194,DE
4195,cust_4195,DE
4196,cust_4196,US
4197,cust_4197,US
4198,cust_4198,IN
4199,cust_4199,IN
4200,cust_4200,DE
4201,cust_4201,GB
4202,cust_4202,US
4203,cust_4203,US
4204,cust_4204,CA
4205,cust_4205,US
4206,cust_4206,IN
4207,cust_4207,IN
4208,cust_4208,IN
4209,cust_4209,US
4210,cust_4210,US
4211,cust_4211,US
4212,cust_4212,IN
4213,cust_4213,IN
4214,cust_4214,US
4215,cust_4215,DE
4216,cust_4216,GB
4217,cust_4217,US
4218,cust_4218,IN
4219,cust_4219,DE
4220,cust_4220,IN
4221,cust_4221,IN
4222,cust_4222,DE
4223,cust_4223,GB
4224,cust_4224,GB
4225,cust_4225,IN
4226,cust_4226,DE
4227,cust_4227,IN
4228,cust_4228,DE
4229,cust_4229,IN
4230,cust_4230,US
4231,cust_4231,DE
4232,cust_4232,IN
4233,cust_4233,IN
4234,cust_4234,CA
4235,cust_4235,US
4236,cust_4236,IN
4237,cust_4237,US
4238,cust_4238,GB
4239,cust_4239,DE
4240,cust_4240,IN
4241,cust_4241,DE
4242,cust_4242,IN
4243,cust_4243,GB
4244,cust_4244,IN
4245,cust_4245,IN
4246,cust_4246,CA
4247,cust_4247,IN
4248,cust_4248,US
4249,cust_4249,IN
4250,cust_4250,CA
4251,cust_4251,IN
4252,cust_4252,US
4253,cust_4253,IN
4254,cust_4254,IN
4255,cust_4255,US
4256,cust_4256,DE
4257,cust_4257,CA
4258,cust_4258,IN
4259,cust_4259,IN
4260,cust_4260,IN
4261,cust_4261,US
4262,cust_4262,GB
4263,cust_4263,IN
4264,cust_4264,IN
4265,cust_4265,DE
4266,cust_4266,IN
4267,cust_4267,DE
4268,cust_4268,US
4269,cust_4269,GB
4270,cust_4270,CA
4271,cust_4271,DE
4272,cust_4272,CA
4273,cust_4273,US
4274,cust_4274,IN
4275,cust_4275,DE
4276,cust_4276,IN
4277,cust_4277,IN
4278,cust_4278,IN
4279,cust_4279,US
4280,cust_4280,IN
4281,cust_4281,US
4282,cust_4282,DE
4283,cust_4283,US
4284,cust_4284,US
4285,cust_4285,IN
4286,cust_4286,IN
4287,cust_4287,GB
4288,cust_4288,IN
4289,cust_4289,IN
4290,cust_4290,GB
4291,cust_4291,IN
4292,cust_4292,US
4293,cust_4293,IN
4294,cust_4294,CA
4295,cust_4295,IN
4296,cust_4296,IN
4297,cust_4297,US
4298,cust_4298,US
4299,cust_4299,IN
4300,cust_4300,IN
4301,cust_4301,US
4302,cust_4302,CA
4303,cust_4303,GB
4304,cust_4304,IN
4305,cust_4305,GB
4306,cust_4306,US
4307,cust_4307,IN
4308,cust_4308,DE
4309,cust_4309,GB
4310,cust_4310,GB
4311,cust_4311,IN
4312,cust_4312,CA
4313,cust_4313,US
4314,cust_4314,GB
4315,cust_4315,CA
4316,cust_4316,US
4317,cust_4317,DE
4318,cust_4318,US
4319,cust_4319,IN
4320,cust_4320,IN
4321,cust_4321,IN
4322,cust_4322,CA
4323,cust_4323,DE
4324,cust_4324,IN
4325,cust_4325,GB
4326,cust_4326,CA
4327,cust_4327,US
4328,cust_4328,CA
4329,cust_4329,US
4330,cust_4330,GB
4331,cust_4331,IN
4332,cust_4332,US
4333,cust_4333,IN
4334,cust_4334,DE
4335,cust_4335,IN
4336,cust_4336,US
4337,cust_4337,IN
4338,cust_4338,CA
4339,cust_4339,IN
4340,cust_4340,US
4341,cust_4341,IN
4342,cust_4342,US
4343,cust_4343,GB
4344,cust_4344,GB
4345,cust_4345,IN
4346,cust_4346,IN
4347,cust_4347,GB
4348,cust_4348,IN
4349,cust_4349,GB
4350,cust_4350,DE
4351,cust_4351,GB
4352,cust_4352,IN
4353,cust_4353,IN
4354,cust_4354,CA
4355,cust_4355,IN
4356,cust_4356,DE
4357,cust_4357,US
4358,cust_4358,DE
4359,cust_4359,IN
4360,cust_4360,US
4361,cust_4361,US
4362,cust_4362,DE
4363,cust_4363,GB
4364,cust_4364,IN
4365,cust_4365,US
4366,cust_4366,DE
4367,cust_4367,US
4368,cust_4368,IN
4369,cust_4369,US
4370,cust_4370,US
4371,cust_4371,US
4372,cust_4372,IN
4373,cust_4373,US
4374,cust_4374,IN
4375,cust_4375,IN
4376,cust_4376,IN
4377,cust_4377,IN
4378,cust_4378,GB
4379,cust_4379,US
4380,cust_4380,IN
4381,cust_4381,US
4382,cust_4382,US
4383,cust_4383,IN
4384,cust_4384,IN
4385,cust_4385,GB
4386,cust_4386,IN
4387,cust_4387,CA
4388,cust_4388,US
4389,cust_4389,US
4390,cust_4390,US
4391,cust_4391,US
4392,cust_4392,IN
4393,cust_4393,DE
4394,cust_4394,US
4395,cust_4395,CA
4396,cust_4396,GB
4397,cust_4397,IN
4398,cust_4398,US
4399,cust_4399,US
4400,cust_4400,US
4401,cust_4401,US
4402,cust_4402,IN
4403,cust_4403,US
4404,cust_4404,IN
4405,cust_4405,CA
4406,cust_4406,DE
4407,cust_4407,CA
4408,cust_4408,US
4409,cust_4409,IN
4410,cust_4410,IN
4411,cust_4411,US
4412,cust_4412,US
4413,cust_4413,DE
4414,cust_4414,DE
4415,cust_4415,IN
4416,cust_4416,IN
4417,cust_4417,IN
4418,cust_4418,US
4419,cust_4419,IN
4420,cust_4420,US
4421,cust_4421,US
4422,cust_4422,CA
4423,cust_4423,IN
4424,cust_4424,DE
4425,cust_4425,IN
4426,cust_4426,IN
4427,cust_4427,US
4428,cust_4428,US
4429,cust_4429,US
4430,cust_4430,GB
4431,cust_4431,DE
4432,cust_4432,IN
4433,cust_4433,IN
4434,cust_4434,CA
4435,cust_4435,US
4436,cust_4436,IN
4437,cust_4437,IN
4438,cust_4438,GB
4439,cust_4439,CA
4440,cust_4440,US
4441,cust_4441,GB
4442,cust_4442,GB
4443,cust_4443,US
4444,cust_4444,IN
4445,cust_4445,IN
4446,cust_4446,CA
4447,cust_4447,US
4448,cust_4448,GB
4449,cust_4449,IN
4450,cust_4450,DE
4451,cust_4451,IN
4452,cust_4452,IN
4453,cust_4453,GB
4454,cust_4454,GB
4455,cust_4455,GB
4456,cust_4456,US
4457,cust_4457,DE
4458,cust_4458,US
4459,cust_4459,IN
4460,cust_4460,IN
4461,cust_4461,IN
4462,cust_4462,IN
4463,cust_4463,CA
4464,cust_4464,US
4465,cust_4465,DE
4466,cust_4466,IN
4467,cust_4467,US
4468,cust_4468,US
4469,cust_4469,CA
4470,cust_4470,GB
4471,cust_4471,CA
4472,cust_4472,CA
4473,cust_4473,US
4474,cust_4474,IN
4475,cust_4475,DE
4476,cust_4476,IN
4477,cust_4477,IN
4478,cust_4478,IN
4479,cust_4479,IN
4480,cust_4480,IN
4481,cust_4481,US
4482,cust_4482,IN
4483,cust_4483,IN
4484,cust_4484,IN
4485,cust_4485,US
4486,cust_4486,DE
4487,cust_4487,US
4488,cust_4488,IN
4489,cust_4489,GB
4490,cust_4490,IN
4491,cust_4491,IN
4492,cust_4492,DE
4493,cust_4493,IN
4494,cust_4494,GB
4495,cust_4495,DE
4496,cust_4496,DE
4497,cust_4497,IN
4498,cust_4498,US
4499,cust_4499,IN
4500,cust_4500,IN
4501,cust_4501,IN
4502,cust_4502,IN
4503,cust_4503,IN
4504,cust_4504,US
4505,cust_4505,IN
4506,cust_4506,IN
4507,cust_4507,DE
4508,cust_4508,US
4509,cust_4509,IN
4510,cust_4510,CA
4511,cust_4511,US
4512,cust_4512,IN
4513,cust_4513,US
4514,cust_4514,DE
4515,cust_4515,IN
4516,cust_4516,IN
4517,cust_4517,IN
4518,cust_4518,GB
4519,cust_4519,US
4520,cust_4520,US
4521,cust_4521,GB
4522,cust_4522,IN
4523,cust_4523,GB
4524,cust_4524,IN
4525,cust_4525,GB
4526,cust_4526,IN
4527,cust_4527,DE
4528,cust_4528,CA
4529,cust_4529,IN
4530,cust_4530,US
4531,cust_4531,IN
4532,cust_4532,US
4533,cust_4533,US
4534,cust_4534,IN
4535,cust_4535,IN
4536,cust_4536,IN
4537,cust_4537,IN
4538,cust_4538,DE
4539,cust_4539,US
4540,cust_4540,US
4541,cust_4541,US
4542,cust_4542,IN
4543,cust_4543,US
4544,cust_4544,IN
4545,cust_4545,IN
4546,cust_4546,GB
4547,cust_4547,US
4548,cust_4548,DE
4549,cust_4549,DE
4550,cust_4550,GB
4551,cust_4551,CA
4552,cust_4552,US
4553,cust_4553,US
4554,cust_4554,GB
4555,cust_4555,IN
4556,cust_4556,IN
4557,cust_4557,DE
4558,cust_4558,DE
4559,cust_4559,CA
4560,cust_4560,CA
4561,cust_4561,DE
4562,cust_4562,IN
4563,cust_4563,GB
4564,cust_4564,US
4565,cust_4565,US
4566,cust_4566,GB
4567,cust_4567,IN
4568,cust_4568,US
4569,cust_4569,US
4570,cust_4570,GB
4571,cust_4571,IN
4572,cust_4572,DE
4573,cust_4573,US
4574,cust_4574,GB
4575,cust_4575,GB
4576,cust_4576,IN
4577,cust_4577,IN
4578,cust_4578,US
4579,cust_4579,CA
4580,cust_4580,DE
4581,cust_4581,CA
4582,cust_4582,IN
4583,cust_4583,GB
4584,cust_4584,GB
4585,cust_4585,DE
4586,cust_4586,CA
4587,cust_4587,IN
4588,cust_4588,US
4589,cust_4589,DE
4590,cust_4590,DE
4591,cust_4591,IN
4592,cust_4592,US
4593,cust_4593,IN
4594,cust_4594,IN
4595,cust_4595,IN
4596,cust_4596,DE
4597,cust_4597,DE
4598,cust_4598,US
4599,cust_4599,IN
4600,cust_4600,IN
4601,cust_4601,US
4602,cust_4602,GB
4603,cust_4603,CA
4604,cust_4604,IN
4605,cust_4605,GB
4606,cust_4606,GB
4607,cust_4607,GB
4608,cust_4608,US
4609,cust_4609,CA
4610,cust_4610,IN
4611,cust_4611,IN
4612,cust_4612,US
4613,cust_4613,IN
4614,cust_4614,US
4615,cust_4615,US
4616,cust_4616,IN
4617,cust_4617,GB
4618,cust_4618,GB
4619,cust_4619,IN
4620,cust_4620,GB
4621,cust_4621,GB
4622,cust_4622,GB
4623,cust_4623,US
4624,cust_4624,DE
4625,cust_4625,CA
4626,cust_4626,DE
4627,cust_4627,IN
4628,cust_4628,IN
4629,cust_4629,DE
4630,cust_4630,IN
4631,cust_4631,US
4632,cust_4632,IN
4633,cust_4633,GB
4634,cust_4634,GB
4635,cust_4635,US
4636,cust_4636,CA
4637,cust_4637,IN
4638,cust_4638,DE
4639,cust_4639,GB
4640,cust_4640,GB
4641,cust_4641,CA
4642,cust_4642,IN
4643,cust_4643,GB
4644,cust_4644,US
4645,cust_4645,DE
4646,cust_4646,DE
4647,cust_4647,DE
4648,cust_4648,IN
4649,cust_4649,GB
4650,cust_4650,US
4651,cust_4651,US
4652,cust_4652,DE
4653,cust_4653,IN
4654,cust_4654,GB
4655,cust_4655,IN
4656,cust_4656,US
4657,cust_4657,GB
4658,cust_4658,IN
4659,cust_4659,US
4660,cust_4660,DE
4661,cust_4661,IN
4662,cust_4662,DE
4663,cust_4663,IN
4664,cust_4664,GB
4665,cust_4665,GB
4666,cust_4666,DE
4667,cust_4667,US
4668,cust_4668,GB
4669,cust_4669,DE
4670,cust_4670,DE
4671,cust_4671,IN
4672,cust_4672,GB
4673,cust_4673,DE
4674,cust_4674,US
4675,cust_4675,IN
4676,cust_4676,GB
4677,cust_4677,US
4678,cust_4678,CA
4679,cust_4679,DE
4680,cust_4680,DE
4681,cust_4681,IN
4682,cust_4682,US
4683,cust_4683,CA
4684,cust_4684,IN
4685,cust_4685,GB
4686,cust_4686,IN
4687,cust_4687,US
4688,cust_4688,US
4689,cust_4689,IN
4690,cust_4690,CA
4691,cust_4691,IN
4692,cust_4692,IN
4693,cust_4693,IN
4694,cust_4694,IN
4695,cust_4695,IN
4696,cust_4696,GB
4697,cust_4697,IN
4698,cust_4698,IN
4699,cust_4699,US
4700,cust_4700,CA
4701,cust_4701,US
4702,cust_4702,US
4703,cust_4703,DE
4704,cust_4704,IN
4705,cust_4705,IN
4706,cust_4706,IN
4707,cust_4707,GB
4708,cust_4708,US
4709,cust_4709,GB
4710,cust_4710,DE
4711,cust_4711,IN
4712,cust_4712,IN
4713,cust_4713,IN
4714,cust_4714,GB
4715,cust_4715,IN
4716,cust_4716,IN
4717,cust_4717,IN
4718,cust_4718,CA
4719,cust_4719,IN
4720,cust_4720,CA
4721,cust_4721,IN
4722,cust_4722,US
4723,cust_4723,US
4724,cust_4724,IN
4725,cust_4725,US
4726,cust_4726,US
4727,cust_4727,CA
4728,cust_4728,GB
4729,cust_4729,DE
4730,cust_4730,US
4731,cust_4731,US
4732,cust_4732,US
4733,cust_4733,DE
4734,cust_4734,CA
4735,cust_4735,IN
4736,cust_4736,US
4737,cust_4737,IN
4738,cust_4738,IN
4739,cust_4739,IN
4740,cust_4740,DE
4741,cust_4741,DE
4742,cust_4742,US
4743,cust_4743,US
4744,cust_4744,CA
4745,cust_4745,US
4746,cust_4746,US
4747,cust_4747,US
4748,cust_4748,US
4749,cust_4749,IN
4750,cust_4750,GB
4751,cust_4751,IN
4752,cust_4752,IN
4753,cust_4753,DE
4754,cust_4754,IN
4755,cust_4755,GB
4756,cust_4756,GB
4757,cust_4757,US
4758,cust_4758,GB
4759,cust_4759,IN
4760,cust_4760,CA
4761,cust_4761,IN
4762,cust_4762,CA
4763,cust_4763,GB
4764,cust_4764,US
4765,cust_4765,IN
4766,cust_4766,CA
4767,cust_4767,GB
4768,cust_4768,US
4769,cust_4769,DE
4770,cust_4770,IN
4771,cust_4771,US
4772,cust_4772,IN
4773,cust_4773,US
4774,cust_4774,GB
4775,cust_4775,IN
4776,cust_4776,GB
4777,cust_4777,US
4778,cust_4778,IN
4779,cust_4779,US
4780,cust_4780,US
4781,cust_4781,US
4782,cust_4782,US
4783,cust_4783,IN
4784,cust_4784,IN
4785,cust_4785,IN
4786,cust_4786,IN
4787,cust_4787,GB
4788,cust_4788,CA
4789,cust_4789,IN
4790,cust_4790,IN
4791,cust_4791,US
4792,cust_4792,CA
4793,cust_4793,US
4794,cust_4794,IN
4795,cust_4795,IN
4796,cust_4796,IN
4797,cust_4797,US
4798,cust_4798,GB
4799,cust_4799,US
4800,cust_4800,DE
4801,cust_4801,US
4802,cust_4802,US
4803,cust_4803,CA
4804,cust_4804,US
4805,cust_4805,GB
4806,cust_4806,IN
4807,cust_4807,US
4808,cust_4808,CA
4809,cust_4809,US
4810,cust_4810,GB
4811,cust_4811,US
4812,cust_4812,GB
4813,cust_4813,US
4814,cust_4814,IN
4815,cust_4815,GB
4816,cust_4816,CA
4817,cust_4817,CA
4818,cust_4818,GB
4819,cust_4819,GB
4820,cust_4820,US
4821,cust_4821,IN
4822,cust_4822,IN
4823,cust_4823,IN
4824,cust_4824,IN
4825,cust_4825,IN
4826,cust_4826,US
4827,cust_4827,DE
4828,cust_4828,US
4829,cust_4829,IN
4830,cust_4830,IN
4831,cust_4831,GB
4832,cust_4832,DE
4833,cust_4833,DE
4834,cust_4834,US
4835,cust_4835,IN
4836,cust_4836,US
4837,cust_4837,IN
4838,cust_4838,IN
4839,cust_4839,US
4840,cust_4840,IN
4841,cust_4841,CA
4842,cust_4842,CA
4843,cust_4843,IN
4844,cust_4844,US
4845,cust_4845,US
4846,cust_4846,IN
4847,cust_4847,CA
4848,cust_4848,US
4849,cust_4849,GB
4850,cust_4850,US
4851,cust_4851,CA
4852,cust_4852,IN
4853,cust_4853,GB
4854,cust_4854,IN
4855,cust_4855,DE
4856,cust_4856,US
4857,cust_4857,US
4858,cust_4858,CA
4859,cust_4859,CA
4860,cust_4860,GB
4861,cust_4861,DE
4862,cust_4862,GB
4863,cust_4863,US
4864,cust_4864,IN
4865,cust_4865,IN
4866,cust_4866,DE
4867,cust_4867,IN
4868,cust_4868,US
4869,cust_4869,IN
4870,cust_4870,GB
4871,cust_4871,IN
4872,cust_4872,US
4873,cust_4873,US
4874,cust_4874,US
4875,cust_4875,IN
4876,cust_4876,DE
4877,cust_4877,DE
4878,cust_4878,DE
4879,cust_4879,IN
4880,cust_4880,GB
4881,cust_4881,US
4882,cust_4882,IN
4883,cust_4883,GB
4884,cust_4884,US
4885,cust_4885,US
4886,cust_4886,GB
4887,cust_4887,IN
4888,cust_4888,DE
4889,cust_4889,US
4890,cust_4890,DE
4891,cust_4891,IN
4892,cust_4892,US
4893,cust_4893,DE
4894,cust_4894,US
4895,cust_4895,IN
4896,cust_4896,US
4897,cust_4897,US
4898,cust_4898,IN
4899,cust_4899,US
4900,cust_4900,CA
4901,cust_4901,US
4902,cust_4902,IN
4903,cust_4903,US
4904,cust_4904,IN
4905,cust_4905,CA
4906,cust_4906,US
4907,cust_4907,CA
4908,cust_4908,US
4909,cust_4909,DE
4910,cust_4910,IN
4911,cust_4911,GB
4912,cust_4912,IN
4913,cust_4913,IN
4914,cust_4914,US
4915,cust_4915,US
4916,cust_4916,CA
4917,cust_4917,IN
4918,cust_4918,IN
4919,cust_4919,GB
4920,cust_4920,IN
4921,cust_4921,CA
4922,cust_4922,DE
4923,cust_4923,IN
4924,cust_4924,GB
4925,cust_4925,US
4926,cust_4926,IN
4927,cust_4927,IN
4928,cust_4928,US
4929,cust_4929,DE
4930,cust_4930,CA
4931,cust_4931,IN
4932,cust_4932,IN
4933,cust_4933,CA
4934,cust_4934,IN
4935,cust_4935,IN
4936,cust_4936,IN
4937,cust_4937,CA
4938,cust_4938,IN
4939,cust_4939,GB
4940,cust_4940,GB
4941,cust_4941,IN
4942,cust_4942,IN
4943,cust_4943,GB
4944,cust_4944,IN
4945,cust_4945,GB
4946,cust_4946,CA
4947,cust_4947,DE
4948,cust_4948,DE
4949,cust_4949,GB
4950,cust_4950,GB
4951,cust_4951,IN
4952,cust_4952,US
4953,cust_4953,IN
4954,cust_4954,DE
4955,cust_4955,IN
4956,cust_4956,DE
4957,cust_4957,IN
4958,cust_4958,DE
4959,cust_4959,US
4960,cust_4960,DE
4961,cust_4961,IN
4962,cust_4962,US
4963,cust_4963,IN
4964,cust_4964,DE
4965,cust_4965,IN
4966,cust_4966,US
4967,cust_4967,CA
4968,cust_4968,DE
4969,cust_4969,CA
4970,cust_4970,IN
4971,cust_4971,IN
4972,cust_4972,GB
4973,cust_4973,IN
4974,cust_4974,DE
4975,cust_4975,IN
4976,cust_4976,IN
4977,cust_4977,US
4978,cust_4978,US
4979,cust_4979,US
4980,cust_4980,US
4981,cust_4981,CA
4982,cust_4982,US
4983,cust_4983,DE
4984,cust_4984,GB
4985,cust_4985,IN
4986,cust_4986,US
4987,cust_4987,DE
4988,cust_4988,DE
4989,cust_4989,DE
4990,cust_4990,GB
4991,cust_4991,CA
4992,cust_4992,IN
4993,cust_4993,IN
4994,cust_4994,DE
4995,cust_4995,US
4996,cust_4996,GB
4997,cust_4997,US
4998,cust_4998,IN
4999,cust_4999,GB
5000,cust_5000,IN
